schema,5
run,id,implementation,workload_version,fixture_version,pass,unit,source_commit,dirty,runtime,threads,warmups,target_ns,harness,warmup_target_ns,forks
case,id,run_id,case,status,comparison_kind,timing_mode,logical_id,configuration,physical_work,actual_kernel
sample,case_id,fork,sample,operations,elapsed_ns,ns_per_op
run,1,onemkl,5,2,1,ns,2eb65b8b891dc2c77f19931a8bf78c4ea78b9ba5,false,Intel(R) oneAPI Math Kernel Library Version 2026.1-Product Build 20260612 for Intel(R) 64 architecture applications; compiler=15.2.0,1,3,200000000,vendor-calibrated-v1,50000000,1
case,1,1,gemm-tile+4x4x32+uniform+physical=4x4+work=gemm-add-v1+leftLayout=depth-rows-v1+rightLayout=depth-columns-v1+leftGroup=4+rightGroup=4+leftStride=4+rightStride=4+padding=zero+alignment=8+block=4x4x32+panel=32+diagonal=0+rhs=0+batch=1+variant=current-tile-v1+timing=raw-tile,ok,partial,vendor-arithmetic,gemm-add-v1+4x4x32+uniform,vendor-column-major-v1,calls=1;leftDoubles=128;rightDoubles=128;outputDoubles=16;resetDoubles=16;triangleDoubles=0,vendor-cblas-v1
sample,1,1,1,262144,115227654,439.55861663818359
sample,1,1,2,262144,159843984,609.75640869140625
sample,1,1,3,262144,143102159,545.89141464233398
sample,1,1,4,262144,123476180,471.02424621582031
sample,1,1,5,262144,111816428,426.54582214355469
case,2,1,gemm-tile+3x2x31+uniform+physical=4x4+work=gemm-add-v1+leftLayout=depth-rows-v1+rightLayout=depth-columns-v1+leftGroup=4+rightGroup=4+leftStride=4+rightStride=4+padding=zero+alignment=8+block=3x2x31+panel=31+diagonal=0+rhs=0+batch=1+variant=current-tile-v1+timing=raw-tile,ok,partial,vendor-arithmetic,gemm-add-v1+3x2x31+uniform,vendor-column-major-v1,calls=1;leftDoubles=93;rightDoubles=62;outputDoubles=6;resetDoubles=6;triangleDoubles=0,vendor-cblas-v1
sample,2,1,1,262144,131230595,500.6049919128418
sample,2,1,2,262144,152625821,582.2213020324707
sample,2,1,3,262144,140154529,534.64709854125977
sample,2,1,4,262144,121452098,463.30298614501953
sample,2,1,5,262144,122846909,468.6237678527832
case,3,1,packed-trsm+4x4+triangular+physical=4x4+uplo=L+diag=N+work=right-solve-v1+leftLayout=depth-rows-v1+rightLayout=depth-columns-v1+leftGroup=4+rightGroup=4+leftStride=4+rightStride=4+padding=zero+alignment=8+block=4x4x4+panel=4+diagonal=4+rhs=4+batch=1+variant=current-tile-v1+timing=raw-tile,ok,partial,vendor-arithmetic,right-solve-v1+4x4+triangular+uplo=L+diag=N,vendor-column-major-v1,calls=1;leftDoubles=0;rightDoubles=0;outputDoubles=16;resetDoubles=16;triangleDoubles=16,vendor-cblas-v1
sample,3,1,1,262144,108282898,413.06647491455078
sample,3,1,2,262144,102681890,391.70032501220703
sample,3,1,3,262144,107560465,410.31061172485352
sample,3,1,4,262144,124197893,473.77736282348633
sample,3,1,5,262144,155065975,591.52975082397461
case,4,1,packed-trsm+3x2+triangular+physical=4x4+uplo=U+diag=U+work=right-solve-v1+leftLayout=depth-rows-v1+rightLayout=depth-columns-v1+leftGroup=4+rightGroup=4+leftStride=4+rightStride=4+padding=zero+alignment=8+block=3x2x2+panel=2+diagonal=2+rhs=3+batch=1+variant=current-tile-v1+timing=raw-tile,ok,partial,vendor-arithmetic,right-solve-v1+3x2+triangular+uplo=U+diag=U,vendor-column-major-v1,calls=1;leftDoubles=0;rightDoubles=0;outputDoubles=6;resetDoubles=6;triangleDoubles=4,vendor-cblas-v1
sample,4,1,1,262144,119454298,455.68198394775391
sample,4,1,2,262144,123385769,470.67935562133789
sample,4,1,3,262144,128996295,492.08181381225586
sample,4,1,4,262144,184403245,703.44255447387695
sample,4,1,5,262144,299309544,1141.7752990722656
case,5,1,gemm-trsm+4x4x32+triangular+physical=4x4+uplo=L+diag=N+work=update-solve-v1+leftLayout=depth-rows-v1+rightLayout=depth-columns-v1+leftGroup=4+rightGroup=4+leftStride=4+rightStride=4+padding=zero+alignment=8+block=4x4x32+panel=32+diagonal=4+rhs=4+batch=1+variant=current-tile-v1+timing=raw-tile,ok,composed,vendor-arithmetic,update-solve-v1+4x4x32+triangular+uplo=L+diag=N,vendor-column-major-v1,calls=2;leftDoubles=128;rightDoubles=128;outputDoubles=16;resetDoubles=16;triangleDoubles=16,vendor-cblas-v1
sample,5,1,1,65536,174476946,2662.3069152832031
sample,5,1,2,65536,191872283,2927.7386932373047
sample,5,1,3,65536,103716909,1582.5944366455078
sample,5,1,4,65536,120526867,1839.0940399169922
sample,5,1,5,65536,94427096,1440.8431396484375
case,6,1,gemm-trsm+3x2x31+triangular+physical=4x4+uplo=U+diag=U+work=update-solve-v1+leftLayout=depth-rows-v1+rightLayout=depth-columns-v1+leftGroup=4+rightGroup=4+leftStride=4+rightStride=4+padding=zero+alignment=8+block=3x2x31+panel=31+diagonal=2+rhs=3+batch=1+variant=current-tile-v1+timing=raw-tile,ok,composed,vendor-arithmetic,update-solve-v1+3x2x31+triangular+uplo=U+diag=U,vendor-column-major-v1,calls=2;leftDoubles=93;rightDoubles=62;outputDoubles=6;resetDoubles=6;triangleDoubles=4,vendor-cblas-v1
sample,6,1,1,262144,285353035,1088.5354423522949
sample,6,1,2,262144,278337408,1061.77294921875
sample,6,1,3,262144,178442519,680.70418930053711
sample,6,1,4,262144,195594172,746.13255310058594
sample,6,1,5,262144,217888465,831.17853164672852
case,7,1,gemm-tile+8x4x32+uniform+physical=8x4+work=gemm-add-v1+leftLayout=depth-rows-v1+rightLayout=depth-columns-v1+leftGroup=8+rightGroup=4+leftStride=8+rightStride=4+padding=zero+alignment=8+block=8x4x32+panel=32+diagonal=0+rhs=0+batch=1+variant=current-tile-v1+timing=raw-tile,ok,partial,vendor-arithmetic,gemm-add-v1+8x4x32+uniform,vendor-column-major-v1,calls=1;leftDoubles=256;rightDoubles=128;outputDoubles=32;resetDoubles=32;triangleDoubles=0,vendor-cblas-v1
sample,7,1,1,262144,143374993,546.93219375610352
sample,7,1,2,262144,132397684,505.05708312988281
sample,7,1,3,262144,132214876,504.35972595214844
sample,7,1,4,262144,155900204,594.71208190917969
sample,7,1,5,262144,180474313,688.45486831665039
case,8,1,gemm-tile+7x2x31+uniform+physical=8x4+work=gemm-add-v1+leftLayout=depth-rows-v1+rightLayout=depth-columns-v1+leftGroup=8+rightGroup=4+leftStride=8+rightStride=4+padding=zero+alignment=8+block=7x2x31+panel=31+diagonal=0+rhs=0+batch=1+variant=current-tile-v1+timing=raw-tile,ok,partial,vendor-arithmetic,gemm-add-v1+7x2x31+uniform,vendor-column-major-v1,calls=1;leftDoubles=217;rightDoubles=62;outputDoubles=14;resetDoubles=14;triangleDoubles=0,vendor-cblas-v1
sample,8,1,1,262144,138152974,527.01177215576172
sample,8,1,2,262144,139322385,531.47272109985352
sample,8,1,3,262144,145248781,554.08012771606445
sample,8,1,4,262144,177248075,676.14774703979492
sample,8,1,5,262144,219847727,838.65252304077148
case,9,1,packed-trsm+8x4+triangular+physical=8x4+uplo=L+diag=N+work=right-solve-v1+leftLayout=depth-rows-v1+rightLayout=depth-columns-v1+leftGroup=8+rightGroup=4+leftStride=8+rightStride=4+padding=zero+alignment=8+block=8x4x4+panel=4+diagonal=4+rhs=8+batch=1+variant=current-tile-v1+timing=raw-tile,ok,partial,vendor-arithmetic,right-solve-v1+8x4+triangular+uplo=L+diag=N,vendor-column-major-v1,calls=1;leftDoubles=0;rightDoubles=0;outputDoubles=32;resetDoubles=32;triangleDoubles=16,vendor-cblas-v1
sample,9,1,1,262144,123149527,469.77816390991211
sample,9,1,2,262144,118700633,452.80698013305664
sample,9,1,3,262144,125929114,480.38144683837891
sample,9,1,4,262144,117420427,447.92338180541992
sample,9,1,5,262144,124088261,473.35914993286133
case,10,1,packed-trsm+7x2+triangular+physical=8x4+uplo=U+diag=U+work=right-solve-v1+leftLayout=depth-rows-v1+rightLayout=depth-columns-v1+leftGroup=8+rightGroup=4+leftStride=8+rightStride=4+padding=zero+alignment=8+block=7x2x2+panel=2+diagonal=2+rhs=7+batch=1+variant=current-tile-v1+timing=raw-tile,ok,partial,vendor-arithmetic,right-solve-v1+7x2+triangular+uplo=U+diag=U,vendor-column-major-v1,calls=1;leftDoubles=0;rightDoubles=0;outputDoubles=14;resetDoubles=14;triangleDoubles=4,vendor-cblas-v1
sample,10,1,1,262144,131424013,501.34282302856445
sample,10,1,2,262144,114663485,437.4064826965332
sample,10,1,3,262144,117957195,449.97098922729492
sample,10,1,4,262144,121953394,465.21527862548828
sample,10,1,5,262144,129973878,495.81099700927734
case,11,1,gemm-trsm+8x4x32+triangular+physical=8x4+uplo=L+diag=N+work=update-solve-v1+leftLayout=depth-rows-v1+rightLayout=depth-columns-v1+leftGroup=8+rightGroup=4+leftStride=8+rightStride=4+padding=zero+alignment=8+block=8x4x32+panel=32+diagonal=4+rhs=8+batch=1+variant=current-tile-v1+timing=raw-tile,ok,composed,vendor-arithmetic,update-solve-v1+8x4x32+triangular+uplo=L+diag=N,vendor-column-major-v1,calls=2;leftDoubles=256;rightDoubles=128;outputDoubles=32;resetDoubles=32;triangleDoubles=16,vendor-cblas-v1
sample,11,1,1,262144,169101031,645.06924057006836
sample,11,1,2,262144,157588609,601.15283584594727
sample,11,1,3,262144,178000165,679.01674270629883
sample,11,1,4,262144,184213813,702.71992874145508
sample,11,1,5,262144,170426456,650.12533569335938
case,12,1,gemm-trsm+7x2x31+triangular+physical=8x4+uplo=U+diag=U+work=update-solve-v1+leftLayout=depth-rows-v1+rightLayout=depth-columns-v1+leftGroup=8+rightGroup=4+leftStride=8+rightStride=4+padding=zero+alignment=8+block=7x2x31+panel=31+diagonal=2+rhs=7+batch=1+variant=current-tile-v1+timing=raw-tile,ok,composed,vendor-arithmetic,update-solve-v1+7x2x31+triangular+uplo=U+diag=U,vendor-column-major-v1,calls=2;leftDoubles=217;rightDoubles=62;outputDoubles=14;resetDoubles=14;triangleDoubles=4,vendor-cblas-v1
sample,12,1,1,131072,84949107,648.11025238037109
sample,12,1,2,131072,84112953,641.73090362548828
sample,12,1,3,131072,89713975,684.46331024169922
sample,12,1,4,131072,85971855,655.91320037841797
sample,12,1,5,131072,171155628,1305.8138122558594
case,13,1,pack-left+4x32+uniform+physical=4x4+work=pack-left-v1+leftLayout=depth-rows-v1+rightLayout=depth-columns-v1+leftGroup=4+rightGroup=4+leftStride=4+rightStride=4+padding=zero+alignment=8+block=4x32x32+panel=32+diagonal=0+rhs=0+batch=1+variant=current-tile-v1+timing=packing-only,unsupported,unsupported,layout,pack-left-v1+4x32+uniform,vendor-column-major-v1,calls=1;leftDoubles=0;rightDoubles=0;outputDoubles=128;resetDoubles=128;triangleDoubles=0,unavailable
case,14,1,pack-left+3x31+uniform+physical=4x4+work=pack-left-v1+leftLayout=depth-rows-v1+rightLayout=depth-columns-v1+leftGroup=4+rightGroup=4+leftStride=4+rightStride=4+padding=zero+alignment=8+block=3x31x31+panel=31+diagonal=0+rhs=0+batch=1+variant=current-tile-v1+timing=packing-only,unsupported,unsupported,layout,pack-left-v1+3x31+uniform,vendor-column-major-v1,calls=1;leftDoubles=0;rightDoubles=0;outputDoubles=93;resetDoubles=93;triangleDoubles=0,unavailable
case,15,1,pack-right+32x4+uniform+physical=4x4+work=pack-right-v1+leftLayout=depth-rows-v1+rightLayout=depth-columns-v1+leftGroup=4+rightGroup=4+leftStride=4+rightStride=4+padding=zero+alignment=8+block=32x4x32+panel=32+diagonal=0+rhs=0+batch=1+variant=current-tile-v1+timing=packing-only,unsupported,unsupported,layout,pack-right-v1+32x4+uniform,vendor-column-major-v1,calls=1;leftDoubles=0;rightDoubles=0;outputDoubles=128;resetDoubles=128;triangleDoubles=0,unavailable
case,16,1,pack-right+31x2+uniform+physical=4x4+work=pack-right-v1+leftLayout=depth-rows-v1+rightLayout=depth-columns-v1+leftGroup=4+rightGroup=4+leftStride=4+rightStride=4+padding=zero+alignment=8+block=31x2x31+panel=31+diagonal=0+rhs=0+batch=1+variant=current-tile-v1+timing=packing-only,unsupported,unsupported,layout,pack-right-v1+31x2+uniform,vendor-column-major-v1,calls=1;leftDoubles=0;rightDoubles=0;outputDoubles=62;resetDoubles=62;triangleDoubles=0,unavailable
case,17,1,pack-symmetric-left+4x4+uniform+physical=4x4+uplo=L+work=pack-symmetric-left-v1+leftLayout=depth-rows-v1+rightLayout=depth-columns-v1+leftGroup=4+rightGroup=4+leftStride=4+rightStride=4+padding=zero+alignment=8+block=4x4x4+panel=4+diagonal=0+rhs=0+batch=1+variant=current-tile-v1+timing=packing-only,unsupported,unsupported,layout,pack-symmetric-left-v1+4x4+uniform+uplo=L,vendor-column-major-v1,calls=1;leftDoubles=0;rightDoubles=0;outputDoubles=16;resetDoubles=16;triangleDoubles=0,unavailable
case,18,1,pack-symmetric-right+4x4+uniform+physical=4x4+uplo=U+work=pack-symmetric-right-v1+leftLayout=depth-rows-v1+rightLayout=depth-columns-v1+leftGroup=4+rightGroup=4+leftStride=4+rightStride=4+padding=zero+alignment=8+block=4x4x4+panel=4+diagonal=0+rhs=0+batch=1+variant=current-tile-v1+timing=packing-only,unsupported,unsupported,layout,pack-symmetric-right-v1+4x4+uniform+uplo=U,vendor-column-major-v1,calls=1;leftDoubles=0;rightDoubles=0;outputDoubles=16;resetDoubles=16;triangleDoubles=0,unavailable
case,19,1,pack-triangular-left+4x4+triangular+physical=4x4+uplo=L+diag=N+work=pack-triangular-left-v1+leftLayout=depth-rows-v1+rightLayout=depth-columns-v1+leftGroup=4+rightGroup=4+leftStride=4+rightStride=4+padding=zero+alignment=8+block=4x4x4+panel=4+diagonal=0+rhs=0+batch=1+variant=current-tile-v1+timing=packing-only,unsupported,unsupported,layout,pack-triangular-left-v1+4x4+triangular+uplo=L+diag=N,vendor-column-major-v1,calls=1;leftDoubles=0;rightDoubles=0;outputDoubles=16;resetDoubles=16;triangleDoubles=0,unavailable
case,20,1,pack-triangular-right+4x4+triangular+physical=4x4+uplo=U+diag=U+work=pack-triangular-right-v1+leftLayout=depth-rows-v1+rightLayout=depth-columns-v1+leftGroup=4+rightGroup=4+leftStride=4+rightStride=4+padding=zero+alignment=8+block=4x4x4+panel=4+diagonal=0+rhs=0+batch=1+variant=current-tile-v1+timing=packing-only,unsupported,unsupported,layout,pack-triangular-right-v1+4x4+triangular+uplo=U+diag=U,vendor-column-major-v1,calls=1;leftDoubles=0;rightDoubles=0;outputDoubles=16;resetDoubles=16;triangleDoubles=0,unavailable
case,21,1,write-left+3x31+uniform+physical=4x4+work=write-left-v1+leftLayout=depth-rows-v1+rightLayout=depth-columns-v1+leftGroup=4+rightGroup=4+leftStride=4+rightStride=4+padding=zero+alignment=8+block=3x31x31+panel=31+diagonal=0+rhs=0+batch=1+variant=current-tile-v1+timing=layout-only,unsupported,unsupported,layout,write-left-v1+3x31+uniform,vendor-column-major-v1,calls=1;leftDoubles=0;rightDoubles=0;outputDoubles=93;resetDoubles=93;triangleDoubles=0,unavailable
case,22,1,write-left+4x32+uniform+physical=4x4+work=write-left-v1+leftLayout=depth-rows-v1+rightLayout=depth-columns-v1+leftGroup=4+rightGroup=4+leftStride=4+rightStride=4+padding=zero+alignment=8+block=4x32x32+panel=32+diagonal=0+rhs=0+batch=1+variant=current-tile-v1+timing=layout-only,unsupported,unsupported,layout,write-left-v1+4x32+uniform,vendor-column-major-v1,calls=1;leftDoubles=0;rightDoubles=0;outputDoubles=128;resetDoubles=128;triangleDoubles=0,unavailable
case,23,1,write-right+31x2+uniform+physical=4x4+work=write-right-v1+leftLayout=depth-rows-v1+rightLayout=depth-columns-v1+leftGroup=4+rightGroup=4+leftStride=4+rightStride=4+padding=zero+alignment=8+block=31x2x31+panel=31+diagonal=0+rhs=0+batch=1+variant=current-tile-v1+timing=layout-only,unsupported,unsupported,layout,write-right-v1+31x2+uniform,vendor-column-major-v1,calls=1;leftDoubles=0;rightDoubles=0;outputDoubles=62;resetDoubles=62;triangleDoubles=0,unavailable
case,24,1,write-right+32x4+uniform+physical=4x4+work=write-right-v1+leftLayout=depth-rows-v1+rightLayout=depth-columns-v1+leftGroup=4+rightGroup=4+leftStride=4+rightStride=4+padding=zero+alignment=8+block=32x4x32+panel=32+diagonal=0+rhs=0+batch=1+variant=current-tile-v1+timing=layout-only,unsupported,unsupported,layout,write-right-v1+32x4+uniform,vendor-column-major-v1,calls=1;leftDoubles=0;rightDoubles=0;outputDoubles=128;resetDoubles=128;triangleDoubles=0,unavailable
case,25,1,clear-left-padding+3x31+uniform+physical=4x4+work=clear-left-padding-v1+leftLayout=depth-rows-v1+rightLayout=depth-columns-v1+leftGroup=4+rightGroup=4+leftStride=4+rightStride=4+padding=zero+alignment=8+block=3x31x31+panel=31+diagonal=0+rhs=0+batch=1+variant=current-tile-v1+timing=layout-only,unsupported,unsupported,layout,clear-left-padding-v1+3x31+uniform,vendor-column-major-v1,calls=1;leftDoubles=0;rightDoubles=0;outputDoubles=93;resetDoubles=93;triangleDoubles=0,unavailable
case,26,1,clear-left-padding+4x32+uniform+physical=4x4+work=clear-left-padding-v1+leftLayout=depth-rows-v1+rightLayout=depth-columns-v1+leftGroup=4+rightGroup=4+leftStride=4+rightStride=4+padding=zero+alignment=8+block=4x32x32+panel=32+diagonal=0+rhs=0+batch=1+variant=current-tile-v1+timing=layout-only,unsupported,unsupported,layout,clear-left-padding-v1+4x32+uniform,vendor-column-major-v1,calls=1;leftDoubles=0;rightDoubles=0;outputDoubles=128;resetDoubles=128;triangleDoubles=0,unavailable
case,27,1,clear-right-padding+31x2+uniform+physical=4x4+work=clear-right-padding-v1+leftLayout=depth-rows-v1+rightLayout=depth-columns-v1+leftGroup=4+rightGroup=4+leftStride=4+rightStride=4+padding=zero+alignment=8+block=31x2x31+panel=31+diagonal=0+rhs=0+batch=1+variant=current-tile-v1+timing=layout-only,unsupported,unsupported,layout,clear-right-padding-v1+31x2+uniform,vendor-column-major-v1,calls=1;leftDoubles=0;rightDoubles=0;outputDoubles=62;resetDoubles=62;triangleDoubles=0,unavailable
case,28,1,clear-right-padding+32x4+uniform+physical=4x4+work=clear-right-padding-v1+leftLayout=depth-rows-v1+rightLayout=depth-columns-v1+leftGroup=4+rightGroup=4+leftStride=4+rightStride=4+padding=zero+alignment=8+block=32x4x32+panel=32+diagonal=0+rhs=0+batch=1+variant=current-tile-v1+timing=layout-only,unsupported,unsupported,layout,clear-right-padding-v1+32x4+uniform,vendor-column-major-v1,calls=1;leftDoubles=0;rightDoubles=0;outputDoubles=128;resetDoubles=128;triangleDoubles=0,unavailable
case,29,1,pack-left+7x31+uniform+physical=8x4+work=pack-left-v1+leftLayout=depth-rows-v1+rightLayout=depth-columns-v1+leftGroup=8+rightGroup=4+leftStride=8+rightStride=4+padding=zero+alignment=8+block=7x31x31+panel=31+diagonal=0+rhs=0+batch=1+variant=current-tile-v1+timing=packing-only,unsupported,unsupported,layout,pack-left-v1+7x31+uniform,vendor-column-major-v1,calls=1;leftDoubles=0;rightDoubles=0;outputDoubles=217;resetDoubles=217;triangleDoubles=0,unavailable
case,30,1,pack-left+8x32+uniform+physical=8x4+work=pack-left-v1+leftLayout=depth-rows-v1+rightLayout=depth-columns-v1+leftGroup=8+rightGroup=4+leftStride=8+rightStride=4+padding=zero+alignment=8+block=8x32x32+panel=32+diagonal=0+rhs=0+batch=1+variant=current-tile-v1+timing=packing-only,unsupported,unsupported,layout,pack-left-v1+8x32+uniform,vendor-column-major-v1,calls=1;leftDoubles=0;rightDoubles=0;outputDoubles=256;resetDoubles=256;triangleDoubles=0,unavailable
case,31,1,pack-right+31x2+uniform+physical=8x4+work=pack-right-v1+leftLayout=depth-rows-v1+rightLayout=depth-columns-v1+leftGroup=8+rightGroup=4+leftStride=8+rightStride=4+padding=zero+alignment=8+block=31x2x31+panel=31+diagonal=0+rhs=0+batch=1+variant=current-tile-v1+timing=packing-only,unsupported,unsupported,layout,pack-right-v1+31x2+uniform,vendor-column-major-v1,calls=1;leftDoubles=0;rightDoubles=0;outputDoubles=62;resetDoubles=62;triangleDoubles=0,unavailable
case,32,1,pack-right+32x4+uniform+physical=8x4+work=pack-right-v1+leftLayout=depth-rows-v1+rightLayout=depth-columns-v1+leftGroup=8+rightGroup=4+leftStride=8+rightStride=4+padding=zero+alignment=8+block=32x4x32+panel=32+diagonal=0+rhs=0+batch=1+variant=current-tile-v1+timing=packing-only,unsupported,unsupported,layout,pack-right-v1+32x4+uniform,vendor-column-major-v1,calls=1;leftDoubles=0;rightDoubles=0;outputDoubles=128;resetDoubles=128;triangleDoubles=0,unavailable
case,33,1,pack-symmetric-left+8x8+uniform+physical=8x4+uplo=L+work=pack-symmetric-left-v1+leftLayout=depth-rows-v1+rightLayout=depth-columns-v1+leftGroup=8+rightGroup=4+leftStride=8+rightStride=4+padding=zero+alignment=8+block=8x8x8+panel=8+diagonal=0+rhs=0+batch=1+variant=current-tile-v1+timing=packing-only,unsupported,unsupported,layout,pack-symmetric-left-v1+8x8+uniform+uplo=L,vendor-column-major-v1,calls=1;leftDoubles=0;rightDoubles=0;outputDoubles=64;resetDoubles=64;triangleDoubles=0,unavailable
case,34,1,pack-symmetric-right+4x4+uniform+physical=8x4+uplo=U+work=pack-symmetric-right-v1+leftLayout=depth-rows-v1+rightLayout=depth-columns-v1+leftGroup=8+rightGroup=4+leftStride=8+rightStride=4+padding=zero+alignment=8+block=4x4x4+panel=4+diagonal=0+rhs=0+batch=1+variant=current-tile-v1+timing=packing-only,unsupported,unsupported,layout,pack-symmetric-right-v1+4x4+uniform+uplo=U,vendor-column-major-v1,calls=1;leftDoubles=0;rightDoubles=0;outputDoubles=16;resetDoubles=16;triangleDoubles=0,unavailable
case,35,1,pack-triangular-left+8x8+triangular+physical=8x4+uplo=L+diag=N+work=pack-triangular-left-v1+leftLayout=depth-rows-v1+rightLayout=depth-columns-v1+leftGroup=8+rightGroup=4+leftStride=8+rightStride=4+padding=zero+alignment=8+block=8x8x8+panel=8+diagonal=0+rhs=0+batch=1+variant=current-tile-v1+timing=packing-only,unsupported,unsupported,layout,pack-triangular-left-v1+8x8+triangular+uplo=L+diag=N,vendor-column-major-v1,calls=1;leftDoubles=0;rightDoubles=0;outputDoubles=64;resetDoubles=64;triangleDoubles=0,unavailable
case,36,1,pack-triangular-right+4x4+triangular+physical=8x4+uplo=U+diag=U+work=pack-triangular-right-v1+leftLayout=depth-rows-v1+rightLayout=depth-columns-v1+leftGroup=8+rightGroup=4+leftStride=8+rightStride=4+padding=zero+alignment=8+block=4x4x4+panel=4+diagonal=0+rhs=0+batch=1+variant=current-tile-v1+timing=packing-only,unsupported,unsupported,layout,pack-triangular-right-v1+4x4+triangular+uplo=U+diag=U,vendor-column-major-v1,calls=1;leftDoubles=0;rightDoubles=0;outputDoubles=16;resetDoubles=16;triangleDoubles=0,unavailable
case,37,1,write-left+7x31+uniform+physical=8x4+work=write-left-v1+leftLayout=depth-rows-v1+rightLayout=depth-columns-v1+leftGroup=8+rightGroup=4+leftStride=8+rightStride=4+padding=zero+alignment=8+block=7x31x31+panel=31+diagonal=0+rhs=0+batch=1+variant=current-tile-v1+timing=layout-only,unsupported,unsupported,layout,write-left-v1+7x31+uniform,vendor-column-major-v1,calls=1;leftDoubles=0;rightDoubles=0;outputDoubles=217;resetDoubles=217;triangleDoubles=0,unavailable
case,38,1,write-left+8x32+uniform+physical=8x4+work=write-left-v1+leftLayout=depth-rows-v1+rightLayout=depth-columns-v1+leftGroup=8+rightGroup=4+leftStride=8+rightStride=4+padding=zero+alignment=8+block=8x32x32+panel=32+diagonal=0+rhs=0+batch=1+variant=current-tile-v1+timing=layout-only,unsupported,unsupported,layout,write-left-v1+8x32+uniform,vendor-column-major-v1,calls=1;leftDoubles=0;rightDoubles=0;outputDoubles=256;resetDoubles=256;triangleDoubles=0,unavailable
case,39,1,write-right+31x2+uniform+physical=8x4+work=write-right-v1+leftLayout=depth-rows-v1+rightLayout=depth-columns-v1+leftGroup=8+rightGroup=4+leftStride=8+rightStride=4+padding=zero+alignment=8+block=31x2x31+panel=31+diagonal=0+rhs=0+batch=1+variant=current-tile-v1+timing=layout-only,unsupported,unsupported,layout,write-right-v1+31x2+uniform,vendor-column-major-v1,calls=1;leftDoubles=0;rightDoubles=0;outputDoubles=62;resetDoubles=62;triangleDoubles=0,unavailable
case,40,1,write-right+32x4+uniform+physical=8x4+work=write-right-v1+leftLayout=depth-rows-v1+rightLayout=depth-columns-v1+leftGroup=8+rightGroup=4+leftStride=8+rightStride=4+padding=zero+alignment=8+block=32x4x32+panel=32+diagonal=0+rhs=0+batch=1+variant=current-tile-v1+timing=layout-only,unsupported,unsupported,layout,write-right-v1+32x4+uniform,vendor-column-major-v1,calls=1;leftDoubles=0;rightDoubles=0;outputDoubles=128;resetDoubles=128;triangleDoubles=0,unavailable
case,41,1,clear-left-padding+7x31+uniform+physical=8x4+work=clear-left-padding-v1+leftLayout=depth-rows-v1+rightLayout=depth-columns-v1+leftGroup=8+rightGroup=4+leftStride=8+rightStride=4+padding=zero+alignment=8+block=7x31x31+panel=31+diagonal=0+rhs=0+batch=1+variant=current-tile-v1+timing=layout-only,unsupported,unsupported,layout,clear-left-padding-v1+7x31+uniform,vendor-column-major-v1,calls=1;leftDoubles=0;rightDoubles=0;outputDoubles=217;resetDoubles=217;triangleDoubles=0,unavailable
case,42,1,clear-left-padding+8x32+uniform+physical=8x4+work=clear-left-padding-v1+leftLayout=depth-rows-v1+rightLayout=depth-columns-v1+leftGroup=8+rightGroup=4+leftStride=8+rightStride=4+padding=zero+alignment=8+block=8x32x32+panel=32+diagonal=0+rhs=0+batch=1+variant=current-tile-v1+timing=layout-only,unsupported,unsupported,layout,clear-left-padding-v1+8x32+uniform,vendor-column-major-v1,calls=1;leftDoubles=0;rightDoubles=0;outputDoubles=256;resetDoubles=256;triangleDoubles=0,unavailable
case,43,1,clear-right-padding+31x2+uniform+physical=8x4+work=clear-right-padding-v1+leftLayout=depth-rows-v1+rightLayout=depth-columns-v1+leftGroup=8+rightGroup=4+leftStride=8+rightStride=4+padding=zero+alignment=8+block=31x2x31+panel=31+diagonal=0+rhs=0+batch=1+variant=current-tile-v1+timing=layout-only,unsupported,unsupported,layout,clear-right-padding-v1+31x2+uniform,vendor-column-major-v1,calls=1;leftDoubles=0;rightDoubles=0;outputDoubles=62;resetDoubles=62;triangleDoubles=0,unavailable
case,44,1,clear-right-padding+32x4+uniform+physical=8x4+work=clear-right-padding-v1+leftLayout=depth-rows-v1+rightLayout=depth-columns-v1+leftGroup=8+rightGroup=4+leftStride=8+rightStride=4+padding=zero+alignment=8+block=32x4x32+panel=32+diagonal=0+rhs=0+batch=1+variant=current-tile-v1+timing=layout-only,unsupported,unsupported,layout,clear-right-padding-v1+32x4+uniform,vendor-column-major-v1,calls=1;leftDoubles=0;rightDoubles=0;outputDoubles=128;resetDoubles=128;triangleDoubles=0,unavailable
case,45,1,gemm-block+15x7x31+uniform+physical=4x4+work=gemm-add-v1+leftLayout=depth-rows-v1+rightLayout=depth-columns-v1+leftGroup=4+rightGroup=4+leftStride=4+rightStride=4+padding=zero+alignment=8+block=15x7x31+panel=31+diagonal=0+rhs=0+batch=1+variant=current-tile-v1+timing=prepacked-compute,ok,direct,prepacked-compute,gemm-add-v1+15x7x31+uniform,vendor-column-major-v1,calls=1;leftDoubles=465;rightDoubles=217;outputDoubles=105;resetDoubles=105;triangleDoubles=0,vendor-cblas-v1
sample,45,1,1,131072,101247963,772.46065521240234
sample,45,1,2,131072,85297305,650.76679229736328
sample,45,1,3,131072,80307152,612.6949462890625
sample,45,1,4,131072,81575941,622.37503814697266
sample,45,1,5,131072,80819150,616.60118103027344
case,46,1,gemm-block+15x7x31+uniform+physical=4x4+work=gemm-add-v1+leftLayout=depth-rows-v1+rightLayout=depth-columns-v1+leftGroup=4+rightGroup=4+leftStride=4+rightStride=4+padding=zero+alignment=8+block=15x7x31+panel=31+diagonal=0+rhs=0+batch=1+variant=current-tile-v1+timing=pack-plus-compute,unsupported,unsupported,pack-plus-compute,gemm-add-v1+15x7x31+uniform,vendor-column-major-v1,calls=1;leftDoubles=465;rightDoubles=217;outputDoubles=105;resetDoubles=105;triangleDoubles=0,unavailable
case,47,1,gemm-block+32x16x65+uniform+physical=4x4+work=gemm-add-v1+leftLayout=depth-rows-v1+rightLayout=depth-columns-v1+leftGroup=4+rightGroup=4+leftStride=4+rightStride=4+padding=zero+alignment=8+block=32x16x65+panel=65+diagonal=0+rhs=0+batch=1+variant=current-tile-v1+timing=prepacked-compute,ok,direct,prepacked-compute,gemm-add-v1+32x16x65+uniform,vendor-column-major-v1,calls=1;leftDoubles=2080;rightDoubles=1040;outputDoubles=512;resetDoubles=512;triangleDoubles=0,vendor-cblas-v1
sample,47,1,1,131072,208315981,1589.3248062133789
sample,47,1,2,131072,225756758,1722.3873748779297
sample,47,1,3,131072,236255830,1802.4889373779297
sample,47,1,4,131072,284356275,2169.4662094116211
sample,47,1,5,131072,318430046,2429.4284515380859
case,48,1,gemm-block+32x16x65+uniform+physical=4x4+work=gemm-add-v1+leftLayout=depth-rows-v1+rightLayout=depth-columns-v1+leftGroup=4+rightGroup=4+leftStride=4+rightStride=4+padding=zero+alignment=8+block=32x16x65+panel=65+diagonal=0+rhs=0+batch=1+variant=current-tile-v1+timing=pack-plus-compute,unsupported,unsupported,pack-plus-compute,gemm-add-v1+32x16x65+uniform,vendor-column-major-v1,calls=1;leftDoubles=2080;rightDoubles=1040;outputDoubles=512;resetDoubles=512;triangleDoubles=0,unavailable
case,49,1,gemm-block+15x7x31+uniform+physical=8x4+work=gemm-add-v1+leftLayout=depth-rows-v1+rightLayout=depth-columns-v1+leftGroup=8+rightGroup=4+leftStride=8+rightStride=4+padding=zero+alignment=8+block=15x7x31+panel=31+diagonal=0+rhs=0+batch=1+variant=current-tile-v1+timing=prepacked-compute,ok,direct,prepacked-compute,gemm-add-v1+15x7x31+uniform,vendor-column-major-v1,calls=1;leftDoubles=465;rightDoubles=217;outputDoubles=105;resetDoubles=105;triangleDoubles=0,vendor-cblas-v1
sample,49,1,1,262144,175887183,670.95635604858398
sample,49,1,2,262144,170194609,649.24090957641602
sample,49,1,3,262144,176491591,673.26198959350586
sample,49,1,4,262144,179511570,684.78229522705078
sample,49,1,5,262144,220156677,839.83107376098633
case,50,1,gemm-block+15x7x31+uniform+physical=8x4+work=gemm-add-v1+leftLayout=depth-rows-v1+rightLayout=depth-columns-v1+leftGroup=8+rightGroup=4+leftStride=8+rightStride=4+padding=zero+alignment=8+block=15x7x31+panel=31+diagonal=0+rhs=0+batch=1+variant=current-tile-v1+timing=pack-plus-compute,unsupported,unsupported,pack-plus-compute,gemm-add-v1+15x7x31+uniform,vendor-column-major-v1,calls=1;leftDoubles=465;rightDoubles=217;outputDoubles=105;resetDoubles=105;triangleDoubles=0,unavailable
case,51,1,gemm-block+32x16x65+uniform+physical=8x4+work=gemm-add-v1+leftLayout=depth-rows-v1+rightLayout=depth-columns-v1+leftGroup=8+rightGroup=4+leftStride=8+rightStride=4+padding=zero+alignment=8+block=32x16x65+panel=65+diagonal=0+rhs=0+batch=1+variant=current-tile-v1+timing=prepacked-compute,ok,direct,prepacked-compute,gemm-add-v1+32x16x65+uniform,vendor-column-major-v1,calls=1;leftDoubles=2080;rightDoubles=1040;outputDoubles=512;resetDoubles=512;triangleDoubles=0,vendor-cblas-v1
sample,51,1,1,32768,88784797,2709.4969787597656
sample,51,1,2,32768,87555622,2671.9855346679688
sample,51,1,3,32768,90820090,2771.6091918945312
sample,51,1,4,32768,79991655,2441.1515808105469
sample,51,1,5,32768,82295116,2511.4476318359375
case,52,1,gemm-block+32x16x65+uniform+physical=8x4+work=gemm-add-v1+leftLayout=depth-rows-v1+rightLayout=depth-columns-v1+leftGroup=8+rightGroup=4+leftStride=8+rightStride=4+padding=zero+alignment=8+block=32x16x65+panel=65+diagonal=0+rhs=0+batch=1+variant=current-tile-v1+timing=pack-plus-compute,unsupported,unsupported,pack-plus-compute,gemm-add-v1+32x16x65+uniform,vendor-column-major-v1,calls=1;leftDoubles=2080;rightDoubles=1040;outputDoubles=512;resetDoubles=512;triangleDoubles=0,unavailable
