level	operation	openblas	onemkl	notes	benchmark_id
dense-1	dot	direct	direct	CBLAS ddot	com.eignex.koblas.bench.ExternalDenseLevel1Benchmark.dot
dense-1	axpy	direct	direct	CBLAS daxpy	com.eignex.koblas.bench.ExternalDenseLevel1Benchmark.axpy
dense-1	scale	direct	direct	CBLAS dscal	com.eignex.koblas.bench.ExternalDenseLevel1Benchmark.scale
dense-1	nrm2	direct	direct	CBLAS dnrm2	com.eignex.koblas.bench.ExternalDenseLevel1Benchmark.nrm2
dense-1	asum	direct	direct	CBLAS dasum	com.eignex.koblas.bench.ExternalDenseLevel1Benchmark.asum
dense-1	swap	direct	direct	CBLAS dswap	com.eignex.koblas.bench.ExternalDenseLevel1Benchmark.swap
dense-1	rotm	direct	direct	CBLAS drotm; parameter-block construction is reported	com.eignex.koblas.bench.ExternalDenseLevel1Benchmark.rotm
dense-1	rot	direct	direct	CBLAS drot	com.eignex.koblas.bench.ExternalDenseLevel1Benchmark.rot
dense-1	sum	missing	missing	No BLAS counterpart; never falls back to koblas
dense-1	ssqd	missing	missing	No numerically equivalent BLAS counterpart; never falls back to koblas
dense-1	dot4	composition	composition	Four ddot calls; excluded from direct parity	com.eignex.koblas.bench.ExternalDenseLevel1CompositionBenchmark.dot4AsFourDots
dense-1	axpy4-as-four-axpy	composition	composition	Four kernel calls quantify the fused output-traffic alternative	com.eignex.koblas.bench.Level1Benchmark.axpy4AsFourAxpy
dense-1	dot-axpy-separate	composition	composition	Separate dot and axpy calls quantify the fused input-traffic alternative	com.eignex.koblas.bench.Level1Benchmark.dotAxpySeparate
packed-kernel	explicit trsm tile	missing	missing	Private packed leaf has no external panel-layout counterpart	com.eignex.koblas.bench.ExplicitPackedKernelBenchmark.trsmTile
packed-kernel	explicit gemm trsm tile	missing	missing	Full C tile is register-resident fusion; portable fallback is the same logical composition	com.eignex.koblas.bench.ExplicitPackedKernelBenchmark.gemmTrsmTile
packed-kernel	explicit separate gemm and trsm	missing	missing	Internal composition baseline over the same retained panels	com.eignex.koblas.bench.ExplicitPackedKernelBenchmark.separateGemmAndTrsm
dense-1	rotmg	missing	missing	koblas exposes richer returned state and keeps the Netlib semantics
dense-2	gemv	direct	direct	CBLAS dgemv
dense-2	gemv-rectangular	direct	direct	Rectangular CBLAS dgemv comparison	com.eignex.koblas.bench.GemvShapeBenchmark.gemv
dense-2	gemv-transposed-rectangular	direct	direct	Rectangular transposed CBLAS dgemv comparison	com.eignex.koblas.bench.GemvShapeBenchmark.gemvTransposed
dense-2	symv	direct	direct	CBLAS dsymv
dense-2	symv-upper	direct	direct	Upper-triangle CBLAS dsymv comparison	com.eignex.koblas.bench.Level2Benchmark.symvUpper
dense-2	ger	direct	direct	CBLAS dger
dense-2	syr	direct	direct	CBLAS dsyr
dense-2	syr2	direct	direct	CBLAS dsyr2
dense-2	trsv	direct	direct	CBLAS dtrsv
dense-2	trmv	direct	direct	CBLAS dtrmv
dense-3	gemm	direct	direct	CBLAS dgemm
dense-3	syrk	direct	direct	CBLAS dsyrk
dense-3	syr2k	direct	direct	CBLAS dsyr2k
dense-3	symm	direct	direct	CBLAS dsymm
dense-3	trsm	direct	direct	CBLAS dtrsm
dense-3	trmm	direct	direct	CBLAS dtrmm
sparse-1	dot sparse-dense	missing	direct	oneMKL sparse CBLAS cblas_ddoti
sparse-1	dot sparse-sparse	missing	missing	Requires an index merge; no direct comparator
sparse-1	axpy	missing	direct	oneMKL sparse CBLAS cblas_daxpyi
sparse-1	nrm2	missing	missing	Neither comparator exposes koblas sparse-vector kernels
sparse-1	asum	missing	missing	Neither comparator exposes koblas sparse-vector kernels
sparse-1	scatter-gather	missing	direct	oneMKL sparse CBLAS cblas_dsctr, cblas_dgthr, and cblas_dgthrz
sparse-workspace	scatter first touch	missing	missing	Indexed AXPY plus epoch marking and first-touch support emission has no equivalent BLAS operation	com.eignex.koblas.bench.SparseWorkspaceBenchmark.scatterFirstTouch
sparse-workspace	many short scatters into growing support	missing	missing	Repeated indexed AXPY grows caller-owned retained support without a BLAS equivalent	com.eignex.koblas.bench.SparseWorkspaceGrowingScatterBenchmark.manyShortScattersIntoGrowingSupport
sparse-workspace	many short checked scatters into growing support	missing	missing	Arithmetic diagnostics plus growing caller-owned support have no BLAS equivalent	com.eignex.koblas.bench.SparseWorkspaceGrowingScatterBenchmark.manyShortCheckedScattersIntoGrowingSupport
sparse-workspace	scatter existing support	missing	missing	Indexed AXPY retains caller marks and support; timed through the public API inventory
sparse-workspace	gather touched	missing	missing	Ordered index and value emission differs from legacy sparse gather
sparse-workspace	gather clear touched	missing	missing	Ordered emission plus accumulator and mark clearing has no equivalent BLAS operation
sparse-workspace	active maximum	missing	missing	Activity-mask-aware nonfinite reduction has no equivalent BLAS operation
sparse-workspace	candidate filtering	missing	missing	Caller thresholds and active support make this a custom arithmetic helper
sparse-workspace	scatter equivalent work	no-vendor-counterpart	composed	oneMKL cblas_daxpyi plus timed epoch marking, stale-value initialization, and ordered first-touch support tracking; finite nonzero-alpha domain	com.eignex.koblas.bench.SparseWorkspaceOneMklComparisonBenchmark.scatterAxpyEquivalent
sparse-workspace	scatter fixture reset	no-vendor-counterpart	no-vendor-counterpart	Separately reports caller-owned state restoration included by the destructive equivalent-work row	com.eignex.koblas.bench.SparseWorkspaceOneMklComparisonBenchmark.scatterFixtureReset
sparse-workspace	gather touched equivalent work	no-vendor-counterpart	composed	oneMKL cblas_dgthr plus timed ordered index emission and optional exact-zero compaction	com.eignex.koblas.bench.SparseWorkspaceOneMklComparisonBenchmark.gatherTouchedEquivalent
sparse-workspace	gather clear touched equivalent work	no-vendor-counterpart	composed	oneMKL cblas_dgthrz plus timed mark clearing, ordered index emission, and optional compaction; fixture restoration is included	com.eignex.koblas.bench.SparseWorkspaceOneMklComparisonBenchmark.gatherClearTouchedEquivalent
sparse-workspace	gather clear fixture reset	no-vendor-counterpart	no-vendor-counterpart	Separately reports the caller-owned state restoration included so every destructive invocation reads populated state	com.eignex.koblas.bench.SparseWorkspaceOneMklComparisonBenchmark.gatherClearFixtureReset
sparse-workspace	indexed axpy partial work	no-vendor-counterpart	direct	oneMKL cblas_daxpyi arithmetic only, explicitly excluding workspace support bookkeeping	com.eignex.koblas.bench.SparseWorkspaceOneMklComparisonBenchmark.indexedAxpyPartialWork
sparse-workspace	indexed gather partial work	no-vendor-counterpart	direct	oneMKL cblas_dgthr value gathering only, explicitly excluding ordered index emission and compaction	com.eignex.koblas.bench.SparseWorkspaceOneMklComparisonBenchmark.indexedGatherPartialWork
sparse-workspace	indexed destructive gather partial work	no-vendor-counterpart	direct	oneMKL cblas_dgthrz value gathering and zeroing only; populated-state restoration is included and separately reported	com.eignex.koblas.bench.SparseWorkspaceOneMklComparisonBenchmark.indexedGatherZeroPartialWork
sparse-workspace	growing mixed-overlap scatter equivalent work	no-vendor-counterpart	composed	Repeated oneMKL cblas_daxpyi calls plus all support bookkeeping, with 50 percent overlap after the first short update	com.eignex.koblas.bench.SparseWorkspaceGrowingComparisonBenchmark.manyShortScattersEquivalent
sparse-workspace	active maximum independent baseline	no-vendor-counterpart	no-vendor-counterpart	Straightforward independent Kotlin implementation comparison rather than vendor parity	com.eignex.koblas.bench.SparseWorkspaceBaselineComparisonBenchmark.activeColumnMaxAbsEquivalent
sparse-workspace	candidate filtering independent baseline	no-vendor-counterpart	no-vendor-counterpart	Straightforward independent Kotlin implementation comparison rather than vendor parity	com.eignex.koblas.bench.SparseWorkspaceBaselineComparisonBenchmark.pivotCandidatePositionsEquivalent
sparse-workspace	checked growing scatter independent baseline	no-vendor-counterpart	no-vendor-counterpart	Straightforward independent Kotlin diagnostic and support implementation comparison rather than vendor parity	com.eignex.koblas.bench.SparseWorkspaceBaselineComparisonBenchmark.manyShortCheckedScattersEquivalent
packed-kernel	gemm tile	missing	missing	Internal packed leaf measured explicitly to choose JVM C dispatch	com.eignex.koblas.bench.ExplicitPackedKernelBenchmark.gemmTile
packed-trsm	selected-provider end to end	missing	missing	Selected scalar and bundled C providers expose packed eligibility and fallback cost	com.eignex.koblas.bench.ExplicitPackedTrsmBenchmark.denseTrsm
sparse-2	gemv	missing	direct	oneMKL inspector-executor mkl_sparse_d_mv
sparse-2	trsv	missing	direct	oneMKL mkl_sparse_d_trsv
sparse-2	trmv	missing	direct	oneMKL triangular descriptor with mkl_sparse_d_mv
sparse-3	sparse-dense gemm	missing	direct	oneMKL mkl_sparse_d_mm
sparse-3	sparse-sparse gemm	missing	direct	oneMKL mkl_sparse_spmm; result export is included in one-shot cost
sparse-3	trsm	missing	direct	oneMKL mkl_sparse_d_trsm
sparse-3	trmm left	missing	direct	oneMKL triangular descriptor with mkl_sparse_d_mm
sparse-3	trmm right	missing	composition	Transpose identity around mkl_sparse_d_mm; excluded from direct parity
