run,id,implementation,pass,unit,source_commit,dirty,runtime,threads,warmups,target_ns,harness,warmup_target_ns,forks
case,id,run_id,case,status,comparison_kind,timing_mode,actual_kernel
sample,case_id,fork,sample,operations,elapsed_ns,ns_per_op
run,1,native/c/c-sparse/packed-4x4,1,ns,0081264d482f0f037a5f242c60d365fd193a1de9,true,kotlin-native-2.4.10,1,5,100000000,native-calibrated,25000000,1
case,1,1,sparse-slices-cycle+64+sparse-uniform+density=0.125+timing=reuse+compact=N+locality=sorted,ok,composed,slices-cycle-v1,portable-sparse-slices
sample,1,1,1,748863,103193264,137.79992335046597
sample,1,1,2,748863,101796576,135.93484522536164
sample,1,1,3,748863,104181099,139.11903645927225
case,2,1,sparse-slices-cycle+64+sparse-uniform+density=0.125+timing=reuse+compact=T+locality=sorted,ok,composed,slices-cycle-v1,portable-sparse-slices
sample,2,1,1,702745,96558540,137.40195945897872
sample,2,1,2,702745,96653218,137.5366854264349
sample,2,1,3,702745,101851294,144.93350219496403
case,3,1,sparse-slices-cycle+64+sparse-uniform+density=0.125+timing=reuse+compact=N+locality=shuffled,ok,composed,slices-cycle-v1,portable-sparse-slices
sample,3,1,1,737880,98768393,133.8542757629967
sample,3,1,2,737880,103984153,140.9228505990134
sample,3,1,3,737880,99470972,134.8064346506207
case,4,1,sparse-slices-cycle+64+sparse-uniform+density=0.125+timing=reuse+compact=T+locality=shuffled,ok,composed,slices-cycle-v1,portable-sparse-slices
sample,4,1,1,741030,106760827,144.07085678042725
sample,4,1,2,741030,105771415,142.73567197009567
sample,4,1,3,741030,101487739,136.9549667354898
case,5,1,sparse-slices-cycle-checked+64+sparse-uniform+density=0.125+timing=reuse+compact=T+locality=shuffled,ok,composed,slices-cycle-checked-v1,portable-sparse-slices
sample,5,1,1,559749,102119929,182.4387877423631
sample,5,1,2,559749,99671709,178.0650059222973
sample,5,1,3,559749,100917830,180.29121981459548
case,6,1,sparse-slices-reduce-dot-checked+64+sparse-uniform+density=0.125+timing=reuse+locality=shuffled,ok,composed,slices-ordered-dot-checked-v1,portable-sparse-slices
sample,6,1,1,1000000,70153913,70.153913
sample,6,1,2,1000000,69877102,69.877102
sample,6,1,3,1000000,69522316,69.522316
case,7,1,sparse-slices-reduce-dot-unchecked+64+sparse-uniform+density=0.125+timing=reuse+locality=shuffled,ok,composed,slices-dot-v1,policy
sample,7,1,1,1000000,55883734,55.883734
sample,7,1,2,1000000,56012623,56.012623
sample,7,1,3,1000000,56347927,56.347927
case,8,1,sparse-slices-cycle+4096+sparse-uniform+density=0.0625+timing=reuse+compact=N+locality=sorted,ok,composed,slices-cycle-v1,portable-sparse-slices
sample,8,1,1,55627,98707105,1774.4459525050784
sample,8,1,2,55627,98926941,1778.3979182770956
sample,8,1,3,55627,99792678,1793.961169935463
case,9,1,sparse-slices-cycle+4096+sparse-uniform+density=0.0625+timing=reuse+compact=T+locality=sorted,ok,composed,slices-cycle-v1,portable-sparse-slices
sample,9,1,1,53829,99973589,1857.2440320273458
sample,9,1,2,53829,102984383,1913.1765962585223
sample,9,1,3,53829,99034846,1839.80467777592
case,10,1,sparse-slices-cycle+4096+sparse-uniform+density=0.0625+timing=reuse+compact=N+locality=shuffled,ok,composed,slices-cycle-v1,portable-sparse-slices
sample,10,1,1,56096,100745197,1795.9426162293212
sample,10,1,2,56096,100541648,1792.3140330861381
sample,10,1,3,56096,104377148,1860.687892184826
case,11,1,sparse-slices-cycle+4096+sparse-uniform+density=0.0625+timing=reuse+compact=T+locality=shuffled,ok,composed,slices-cycle-v1,portable-sparse-slices
sample,11,1,1,54147,101423360,1873.1113450422
sample,11,1,2,54147,104799847,1935.4691303303969
sample,11,1,3,54147,102206082,1887.566845808632
case,12,1,sparse-slices-cycle-checked+4096+sparse-uniform+density=0.0625+timing=reuse+compact=T+locality=shuffled,ok,composed,slices-cycle-checked-v1,portable-sparse-slices
sample,12,1,1,42259,100171391,2370.4155564495136
sample,12,1,2,42259,99847761,2362.7573061359712
sample,12,1,3,42259,99747402,2360.3824510755107
case,13,1,sparse-slices-reduce-dot-checked+4096+sparse-uniform+density=0.0625+timing=reuse+locality=shuffled,ok,composed,slices-ordered-dot-checked-v1,portable-sparse-slices
sample,13,1,1,95450,99558458,1043.043038239916
sample,13,1,2,95450,102474032,1073.5886013619697
sample,13,1,3,95450,99610976,1043.593253012048
case,14,1,sparse-slices-reduce-dot-unchecked+4096+sparse-uniform+density=0.0625+timing=reuse+locality=shuffled,ok,composed,slices-dot-v1,policy
sample,14,1,1,285808,91484677,320.09137952751496
sample,14,1,2,285808,103922366,363.6090172423445
sample,14,1,3,285808,96220512,336.6613670716005
case,15,1,sparse-slices-cycle+65536+sparse-uniform+density=0.015625+timing=reuse+compact=N+locality=sorted,ok,composed,slices-cycle-v1,portable-sparse-slices
sample,15,1,1,11196,100172378,8947.157734905324
sample,15,1,2,11196,100388208,8966.435155412648
sample,15,1,3,11196,99908449,8923.584226509467
case,16,1,sparse-slices-cycle+65536+sparse-uniform+density=0.015625+timing=reuse+compact=T+locality=sorted,ok,composed,slices-cycle-v1,portable-sparse-slices
sample,16,1,1,11955,99339016,8309.411626934338
sample,16,1,2,11955,99514724,8324.109075700544
sample,16,1,3,11955,98804578,8264.70748640736
case,17,1,sparse-slices-cycle+65536+sparse-uniform+density=0.015625+timing=reuse+compact=N+locality=shuffled,ok,composed,slices-cycle-v1,portable-sparse-slices
sample,17,1,1,10874,98781454,9084.187419532831
sample,17,1,2,10874,99133617,9116.57320213353
sample,17,1,3,10874,99422322,9143.123229722274
case,18,1,sparse-slices-cycle+65536+sparse-uniform+density=0.015625+timing=reuse+compact=T+locality=shuffled,ok,composed,slices-cycle-v1,portable-sparse-slices
sample,18,1,1,11659,99149199,8504.091174200188
sample,18,1,2,11659,99119186,8501.516939703233
sample,18,1,3,11659,99837762,8563.149669783
case,19,1,sparse-slices-cycle-checked+65536+sparse-uniform+density=0.015625+timing=reuse+compact=T+locality=shuffled,ok,composed,slices-cycle-checked-v1,portable-sparse-slices
sample,19,1,1,9755,99402748,10189.928036904152
sample,19,1,2,9755,100877724,10341.130087134803
sample,19,1,3,9755,100019724,10253.175192209124
case,20,1,sparse-slices-reduce-dot-checked+65536+sparse-uniform+density=0.015625+timing=reuse+locality=shuffled,ok,composed,slices-ordered-dot-checked-v1,portable-sparse-slices
sample,20,1,1,22360,97817664,4374.671914132379
sample,20,1,2,22360,98163976,4390.15992844365
sample,20,1,3,22360,96892351,4333.289400715564
case,21,1,sparse-slices-reduce-dot-unchecked+65536+sparse-uniform+density=0.015625+timing=reuse+locality=shuffled,ok,composed,slices-dot-v1,policy
sample,21,1,1,80666,100084432,1240.7263531103563
sample,21,1,2,80666,107084442,1327.5040537525103
sample,21,1,3,80666,100959422,1251.573426226663
case,22,1,sparse-slices-gather+4096+sparse-uniform+density=0.0625+timing=reuse+compact=T+locality=sorted,ok,composed,slices-gather-v1,portable-sparse-slices
sample,22,1,1,174988,98026298,560.1886872242668
sample,22,1,2,174988,100983415,577.0876574393673
sample,22,1,3,174988,104542750,597.4281093560701
case,23,1,sparse-slices-gather+4096+sparse-uniform+density=0.0625+timing=reuse+compact=T+locality=shuffled,ok,composed,slices-gather-v1,portable-sparse-slices
sample,23,1,1,173217,100134052,578.0844374397432
sample,23,1,2,173217,100170589,578.2953693921497
sample,23,1,3,173217,101450280,585.6831604288262
case,24,1,sparse-slices-gather-clear+4096+sparse-uniform+density=0.0625+timing=reuse+compact=T+locality=sorted,ok,composed,slices-refill-gather-clear-v1,portable-sparse-slices
sample,24,1,1,99231,100077774,1008.533361550322
sample,24,1,2,99231,102664894,1034.6050528564663
sample,24,1,3,99231,100034799,1008.1002811621369
case,25,1,sparse-slices-gather-clear+4096+sparse-uniform+density=0.0625+timing=reuse+compact=T+locality=shuffled,ok,composed,slices-refill-gather-clear-v1,portable-sparse-slices
sample,25,1,1,96727,99974447,1033.5733249247883
sample,25,1,2,96727,103120994,1066.1035078106422
sample,25,1,3,96727,99488909,1028.5536509971362
case,26,1,sparse-slices-clear+4096+sparse-uniform+density=0.0625+timing=reuse+locality=shuffled,ok,composed,slices-refill-clear-v1,portable-sparse-slices
sample,26,1,1,122828,102244182,832.417543231185
sample,26,1,2,122828,99186169,807.5208340117888
sample,26,1,3,122828,97104312,790.5714657895594
