candidate,logical_id,base_case,candidate_case,base_configuration,candidate_configuration,base_kernel,candidate_kernel,base_median_ns,candidate_median_ns,candidate_min_ns,candidate_max_ns,base_over_candidate
./jvm-scalar.csv,dot+4096+uniform,dot+4096+uniform,dot+4096+uniform,policy,policy,vendor-cblas,policy,605.21316528320312,2145.6726125921386,2143.2421607942774,2152.2048225669246,0.28206221290770861
./jvm-scalar.csv,axpy+4096+uniform,axpy+4096+uniform,axpy+4096+uniform,policy,policy,vendor-cblas,policy,715.67726135253906,767.75125214084539,763.50454105132667,773.4740379303995,0.93217335609274488
./jvm-scalar.csv,axpy-arithmetic+4096+uniform,axpy-arithmetic+4096+uniform,axpy-arithmetic+4096+uniform,policy,policy,vendor-cblas,policy,721.06361389160156,768.95653403426172,765.3211256212561,774.29825410235696,0.93771699956641996
./jvm-scalar.csv,scal+4096+uniform,scal+4096+uniform,scal+4096+uniform,policy,policy,vendor-cblas,policy,565.08636474609375,687.18328756755056,682.98993373693759,713.78939318783068,0.82232262479250906
./jvm-scalar.csv,nrm2+4096+uniform,nrm2+4096+uniform,nrm2+4096+uniform,policy,policy,vendor-cblas,policy,3688.0340576171875,2068.8368325309075,2065.0593206951025,2075.1438136448578,1.7826606717483071
./jvm-scalar.csv,asum+4096+uniform,asum+4096+uniform,asum+4096+uniform,policy,policy,vendor-cblas,policy,260.25485992431641,2065.9262572897587,2063.3373364702175,2070.9167307502712,0.12597490302763217
./jvm-scalar.csv,sum+4096+uniform,sum+4096+uniform,sum+4096+uniform,policy,policy,vendor-cblas,policy,222.503662109375,1933.9862805688085,1931.2651582094043,1938.2095317185697,0.11504924535655651
./jvm-scalar.csv,iamax+4096+uniform,iamax+4096+uniform,iamax+4096+uniform,policy,policy,vendor-cblas,policy,292.19436645507812,646.2358348416783,638.9775308927409,650.0931119695598,0.45214819528951533
./jvm-scalar.csv,swap+4096+uniform,swap+4096+uniform,swap+4096+uniform,policy,policy,vendor-cblas,policy,1433.3839416503906,1497.6762355399915,1485.0258482335391,1753.4383948174677,0.95707196764965685
./jvm-scalar.csv,rot+4096+uniform,rot+4096+uniform,rot+4096+uniform,policy,policy,vendor-cblas,policy,1293.7126159667969,1867.4831550190079,1854.9454294388925,1882.6578752461296,0.69275731483298386
./jvm-scalar.csv,rotm+4096+uniform,rotm+4096+uniform,rotm+4096+uniform,policy,policy,vendor-cblas,policy,1939.4378662109375,1796.5557288868763,1784.109110554067,1808.3007550081049,1.0795311467530091
./jvm-scalar.csv,rotmg+1+uniform,rotmg+1+uniform,rotmg+1+uniform,policy,policy,vendor-cblas,policy,24.330500000000001,4.3368591223104751,4.3163948228685172,4.3537353295783401,5.6101660934371909
./jvm-scalar.csv,dot4+4096+uniform,dot4+4096+uniform,dot4+4096+uniform,policy,policy,vendor-cblas,policy,2066.1239624023438,2883.9753706869037,2872.7245483942907,3056.0014068740165,0.71641525909086923
./jvm-scalar.csv,axpy4+4096+uniform,axpy4+4096+uniform,axpy4+4096+uniform,policy,policy,vendor-cblas,policy,2461.7996215820312,3160.5012445966677,3138.2779554147742,3186.2893368815176,0.77892695843446746
./jvm-scalar.csv,dot-axpy+4096+uniform,dot-axpy+4096+uniform,dot-axpy+4096+uniform,policy,policy,vendor-cblas,policy,1301.7387390136719,2826.8205102560864,2803.9035070153659,2853.5538632936159,0.46049571746447571
./jvm-scalar.csv,gemv+32x21+uniform,gemv+32x21+uniform,gemv+32x21+uniform,policy,policy,vendor-cblas,policy,131.15300000000002,109.34497355736022,109.04081828999404,109.68416575233657,1.1994424227575466
./jvm-scalar.csv,gemv+129x31+uniform+transA=T,gemv+129x31+uniform+transA=T,gemv+129x31+uniform+transA=T,policy,policy,vendor-cblas,policy,606.44149780273438,584.44901247243718,583.34529793016929,586.74098475626272,1.0376294336391481
./jvm-scalar.csv,symv+129+uniform+uplo=U,symv+129+uniform+uplo=U,symv+129+uniform+uplo=U,policy,policy,vendor-cblas,policy,1150.054931640625,3005.518552209563,2992.2578016843563,3043.5069844950008,0.38264775667251849
./jvm-scalar.csv,ger+129x31+uniform,ger+129x31+uniform,ger+129x31+uniform,policy,policy,vendor-cblas,policy,693.81523132324219,1142.0276090987124,1137.4847154290796,1146.3243677304069,0.60752929771181341
./jvm-scalar.csv,syr+129+uniform+uplo=L,syr+129+uniform+uplo=L,syr+129+uniform+uplo=L,policy,policy,vendor-cblas,policy,3827.9571533203125,4535.0921434175843,4456.8189051559521,4656.2936442838454,0.84407483514449955
./jvm-scalar.csv,syr2+129+uniform+uplo=U,syr2+129+uniform+uplo=U,syr2+129+uniform+uplo=U,policy,policy,vendor-cblas,policy,5025.9246826171875,5733.4549307499292,5631.314798927614,5821.7984599647671,0.87659617862554684
./jvm-scalar.csv,trsv+129+triangular+diag=N+transA=N+uplo=L,trsv+129+triangular+uplo=L+transA=N+diag=N,trsv+129+triangular+uplo=L+transA=N+diag=N,policy,policy,vendor-cblas,policy,1853.6834716796875,2012.9656020128778,1996.193023501098,2030.8626356558075,0.92087190651747097
./jvm-scalar.csv,trmv+129+triangular+diag=U+transA=T+uplo=U,trmv+129+triangular+uplo=U+transA=T+diag=U,trmv+129+triangular+uplo=U+transA=T+diag=U,policy,policy,vendor-cblas,policy,1923.5076904296875,2045.091870070828,2036.6654028160274,2057.7352059411373,0.94054830424956426
./jvm-scalar.csv,gemm+32x21x48+uniform,gemm+32x21x48+uniform,gemm+32x21x48+uniform,policy,policy,vendor-cblas,policy,1519.4435119628906,6604.3998780203692,6557.2653137683419,7226.5903501458943,0.23006534129158984
./jvm-scalar.csv,gemm+129x31x257+uniform+transA=T,gemm+129x31x257+uniform+transA=T,gemm+129x31x257+uniform+transA=T,policy,policy,vendor-cblas,policy,49166.50390625,167548.41260399154,166269.02056962025,168554.4686985173,0.29344655160927913
./jvm-scalar.csv,gemm+65x127x33+uniform+transB=T,gemm+65x127x33+uniform+transB=T,gemm+65x127x33+uniform+transB=T,policy,policy,vendor-cblas,policy,13322.509765625,42468.345782906952,42226.777433993397,43081.089542892922,0.31370446670393187
./jvm-scalar.csv,symm+129x31+uniform+side=L+uplo=L,symm+129x31+uniform+side=L+uplo=L,symm+129x31+uniform+side=L+uplo=L,policy,policy,vendor-cblas,policy,25340.9423828125,84641.647011384892,84316.713483146072,85221.978358513676,0.2993909414286795
./jvm-scalar.csv,symm+31x129+uniform+side=R+uplo=U,symm+31x129+uniform+side=R+uplo=U,symm+31x129+uniform+side=R+uplo=U,policy,policy,vendor-cblas,policy,29506.9580078125,84064.818295561243,83597.377902321852,84768.931743421053,0.3510024598408073
./jvm-scalar.csv,gemmt+129x31+uniform+transA=N+transB=N+uplo=L,gemmt+129x31+uniform+uplo=L+transA=N+transB=N,gemmt+129x31+uniform+uplo=L+transA=N+transB=N,policy,policy,vendor-cblas,policy,36325.8056640625,60663.447342732637,60549.888533178113,60772.599074341917,0.5988087926957264
./jvm-scalar.csv,syrk+129x31+uniform+transA=N+uplo=L,syrk+129x31+uniform+uplo=L+transA=N,syrk+129x31+uniform+uplo=L+transA=N,policy,policy,vendor-cblas,policy,15103.94287109375,46624.57426286125,46366.662761314037,46822.563832174106,0.32394811341204627
./jvm-scalar.csv,syr2k+129x31+uniform+transA=T+uplo=U,syr2k+129x31+uniform+uplo=U+transA=T,syr2k+129x31+uniform+uplo=U+transA=T,policy,policy,vendor-cblas,policy,24511.474609375,96064.708454413892,95758.553646075248,96843.552789303823,0.2551558736162361
./jvm-scalar.csv,trsm+64x16+triangular+diag=N+side=L+transA=N+uplo=L,trsm+64x16+triangular+side=L+uplo=L+transA=N+diag=N,trsm+64x16+triangular+side=L+uplo=L+transA=N+diag=N,policy,policy,vendor-cblas,policy,3520.9503173828125,9978.9567564897661,9873.2724580454105,10030.202141434263,0.35283751631581922
./jvm-scalar.csv,trsm+17x64+triangular+diag=U+side=R+transA=T+uplo=U,trsm+17x64+triangular+side=R+uplo=U+transA=T+diag=U,trsm+17x64+triangular+side=R+uplo=U+transA=T+diag=U,policy,policy,vendor-cblas,policy,3062.1337890625,9499.7614226589139,9483.1782924737017,9591.1381341613778,0.32233796753660271
./jvm-scalar.csv,trmm+64x16+triangular+diag=N+side=L+transA=T+uplo=U,trmm+64x16+triangular+side=L+uplo=U+transA=T+diag=N,trmm+64x16+triangular+side=L+uplo=U+transA=T+diag=N,policy,policy,vendor-cblas,policy,1997.4441528320312,7928.905003521746,7907.7952560240965,7958.2449134240142,0.25191929427138243
./jvm-scalar.csv,trmm+17x64+triangular+diag=U+side=R+transA=N+uplo=L,trmm+17x64+triangular+side=R+uplo=L+transA=N+diag=U,trmm+17x64+triangular+side=R+uplo=L+transA=N+diag=U,policy,policy,vendor-cblas,policy,2799.0875244140625,9938.1207781048688,9852.4948498059694,11155.672951298529,0.28165159056839612
./jvm-scalar.csv,gemm+257x3x1+uniform,gemm+257x3x1+uniform,gemm+257x3x1+uniform,policy,policy,vendor-cblas,policy,296.45252227783203,1552.1956454909921,1547.6780366669614,1555.7942457554298,0.19098914697963726
./jvm-scalar.csv,gemm+3x257x33+uniform,gemm+3x257x33+uniform,gemm+3x257x33+uniform,policy,policy,vendor-cblas,policy,3071.71630859375,10808.353330138289,10761.889782742364,10839.943744838976,0.28419836165315743
./jvm-scalar.csv,gemm+127x5x65+uniform,gemm+127x5x65+uniform,gemm+127x5x65+uniform,policy,policy,vendor-cblas,policy,2964.5156860351562,13923.671285646977,13854.636675461741,14120.042350094111,0.21291192712162677
./jvm-scalar.csv,trsm+65x1+triangular+diag=N+side=L+transA=N+uplo=L,trsm+65x1+triangular+side=L+uplo=L+transA=N+diag=N,trsm+65x1+triangular+side=L+uplo=L+transA=N+diag=N,policy,policy,vendor-cblas,policy,712.85438537597656,776.40069735596649,770.41892077900332,783.72848954323092,0.91815268559598551
./jvm-scalar.csv,trsm+65x33+triangular+diag=U+side=L+transA=T+uplo=U,trsm+65x33+triangular+side=L+uplo=U+transA=T+diag=U,trsm+65x33+triangular+side=L+uplo=U+transA=T+diag=U,policy,policy,vendor-cblas,policy,7963.287353515625,27976.598467191787,27864.531186578271,28106.143182122309,0.28464101391218766
./jvm-scalar.csv,gemm-add+15x7x31+uniform,gemm-block+15x7x31+uniform+packed=4x4+timing=prepacked-compute,gemm-block+15x7x31+uniform+packed=4x4+timing=prepacked-compute,column-major,packed=4x4,vendor-cblas,portable-tile,311.17534637451172,720.32846162597491,709.67663514123467,732.45954127128607,0.43199090824775316
./jvm-scalar.csv,gemm-add+32x16x65+uniform,gemm-block+32x16x65+uniform+packed=4x4+timing=prepacked-compute,gemm-block+32x16x65+uniform+packed=4x4+timing=prepacked-compute,column-major,packed=4x4,vendor-cblas,portable-tile,1484.5161437988281,4911.1570059515634,4874.3270368737385,4958.6028460543339,0.30227421807118443
./jvm-scalar.csv,gemm-add+64x64x31+uniform,gemm-block+64x64x31+uniform+packed=4x4+timing=prepacked-compute,gemm-block+64x64x31+uniform+packed=4x4+timing=prepacked-compute,column-major,packed=4x4,vendor-cblas,portable-tile,5203.155517578125,22522.851153067306,22418.352365415987,22707.801477997986,0.23101673416997767
./jvm-scalar.csv,gemm-add+64x64x32+uniform,gemm-block+64x64x32+uniform+packed=4x4+timing=prepacked-compute,gemm-block+64x64x32+uniform+packed=4x4+timing=prepacked-compute,column-major,packed=4x4,vendor-cblas,portable-tile,5436.798095703125,23193.109452235192,23028.280574750464,23356.167167977786,0.23441436806478588
./jvm-scalar.csv,gemm-add+64x64x33+uniform,gemm-block+64x64x33+uniform+packed=4x4+timing=prepacked-compute,gemm-block+64x64x33+uniform+packed=4x4+timing=prepacked-compute,column-major,packed=4x4,vendor-cblas,portable-tile,5549.2706298828125,23483.631116300021,23394.962107208874,23731.1885662637,0.23630377271728886
./jvm-scalar.csv,gemm-add+64x64x63+uniform,gemm-block+64x64x63+uniform+packed=4x4+timing=prepacked-compute,gemm-block+64x64x63+uniform+packed=4x4+timing=prepacked-compute,column-major,packed=4x4,vendor-cblas,portable-tile,10438.29345703125,38565.147172757381,38358.83108108108,39120.806824754196,0.27066650129122066
./jvm-scalar.csv,gemm-add+64x64x64+uniform,gemm-block+64x64x64+uniform+packed=4x4+timing=prepacked-compute,gemm-block+64x64x64+uniform+packed=4x4+timing=prepacked-compute,column-major,packed=4x4,vendor-cblas,portable-tile,10704.864501953125,40172.795013970157,39795.898067449794,40777.49551703527,0.2664704932338039
./jvm-scalar.csv,gemm-add+64x64x65+uniform,gemm-block+64x64x65+uniform+packed=4x4+timing=prepacked-compute,gemm-block+64x64x65+uniform+packed=4x4+timing=prepacked-compute,column-major,packed=4x4,vendor-cblas,portable-tile,10820.00732421875,39815.951332575729,39326.983149222993,42723.693721602642,0.27175056634566153
./jvm-scalar.csv,gemm-add+128x128x64+uniform,gemm-block+128x128x64+uniform+packed=4x4+timing=prepacked-compute,gemm-block+128x128x64+uniform+packed=4x4+timing=prepacked-compute,column-major,packed=4x4,vendor-cblas,portable-tile,40779.1748046875,159867.12730650112,158720.44939577038,161814.45839753468,0.25508167621292577
./jvm-scalar.csv,gemm-add+128x8x64+uniform,gemm-block+128x8x64+uniform+packed=4x4+timing=prepacked-compute,gemm-block+128x8x64+uniform+packed=4x4+timing=prepacked-compute,column-major,packed=4x4,vendor-cblas,portable-tile,3341.339111328125,9781.8273417563032,9737.9244285780514,9854.2331331519181,0.34158639225461895
./jvm-c.csv,dot+4096+uniform,dot+4096+uniform,dot+4096+uniform,policy,policy,vendor-cblas,policy,605.21316528320312,371.64622627739504,368.52454112061145,375.24269327663529,1.6284657894830197
./jvm-c.csv,axpy+4096+uniform,axpy+4096+uniform,axpy+4096+uniform,policy,policy,vendor-cblas,policy,715.67726135253906,781.72655885892505,778.72514212785711,783.7387025694652,0.91550843865046982
./jvm-c.csv,axpy-arithmetic+4096+uniform,axpy-arithmetic+4096+uniform,axpy-arithmetic+4096+uniform,policy,policy,vendor-cblas,policy,721.06361389160156,780.96681870004738,778.60283696067199,783.42711608978016,0.92329609482236741
./jvm-c.csv,scal+4096+uniform,scal+4096+uniform,scal+4096+uniform,policy,policy,vendor-cblas,policy,565.08636474609375,700.1322431644528,697.92221298271124,704.74539280297438,0.80711375638410876
./jvm-c.csv,nrm2+4096+uniform,nrm2+4096+uniform,nrm2+4096+uniform,policy,policy,vendor-cblas,policy,3688.0340576171875,445.93932834373243,443.41482441713413,450.0382147838215,8.2702597039712789
./jvm-c.csv,asum+4096+uniform,asum+4096+uniform,asum+4096+uniform,policy,policy,vendor-cblas,policy,260.25485992431641,257.59036650962014,256.57074970375891,258.93738350271468,1.010343917168955
./jvm-c.csv,sum+4096+uniform,sum+4096+uniform,sum+4096+uniform,policy,policy,vendor-cblas,policy,222.503662109375,186.01126167691922,184.31179524350242,187.48413658400725,1.1961838229764765
./jvm-c.csv,iamax+4096+uniform,iamax+4096+uniform,iamax+4096+uniform,policy,policy,vendor-cblas,policy,292.19436645507812,658.66809554836823,655.33614011015686,665.85621458578782,0.44361396647246792
./jvm-c.csv,swap+4096+uniform,swap+4096+uniform,swap+4096+uniform,policy,policy,vendor-cblas,policy,1433.3839416503906,1527.6703071474603,1502.3571076135381,1558.1737617592071,0.93828094644771509
./jvm-c.csv,rot+4096+uniform,rot+4096+uniform,rot+4096+uniform,policy,policy,vendor-cblas,policy,1293.7126159667969,1874.7412738415633,1863.0000458509478,1890.5216531002663,0.69007528346342373
./jvm-c.csv,rotm+4096+uniform,rotm+4096+uniform,rotm+4096+uniform,policy,policy,vendor-cblas,policy,1939.4378662109375,1805.855782760259,1795.4420725973293,1826.3562154876299,1.0739716231638927
./jvm-c.csv,rotmg+1+uniform,rotmg+1+uniform,rotmg+1+uniform,policy,policy,vendor-cblas,policy,24.330500000000001,4.2670004357256461,4.2299703350451141,4.2944020249072796,5.7020148852790911
./jvm-c.csv,dot4+4096+uniform,dot4+4096+uniform,dot4+4096+uniform,policy,policy,vendor-cblas,policy,2066.1239624023438,1318.8050461850712,1283.3998851255981,1445.8699046504423,1.566663676620782
./jvm-c.csv,axpy4+4096+uniform,axpy4+4096+uniform,axpy4+4096+uniform,policy,policy,vendor-cblas,policy,2461.7996215820312,2292.5358237016708,2201.8911889021351,2370.0934870499768,1.0738325639802029
./jvm-c.csv,dot-axpy+4096+uniform,dot-axpy+4096+uniform,dot-axpy+4096+uniform,policy,policy,vendor-cblas,policy,1301.7387390136719,1453.6234750634799,1280.8867976311728,1499.0641996115173,0.89551301375125691
./jvm-c.csv,gemv+32x21+uniform,gemv+32x21+uniform,gemv+32x21+uniform,policy,policy,vendor-cblas,policy,131.15300000000002,110.03082416826823,109.94774641870711,110.23613712888047,1.1919659876347923
./jvm-c.csv,gemv+129x31+uniform+transA=T,gemv+129x31+uniform+transA=T,gemv+129x31+uniform+transA=T,policy,policy,vendor-cblas,policy,606.44149780273438,586.69240703790729,586.25523711461358,589.50261923986795,1.0336617459641864
./jvm-c.csv,symv+129+uniform+uplo=U,symv+129+uniform+uplo=U,symv+129+uniform+uplo=U,policy,policy,vendor-cblas,policy,1150.054931640625,3049.3582919144951,3030.6707948326239,3059.8247091677495,0.37714654086075922
./jvm-c.csv,ger+129x31+uniform,ger+129x31+uniform,ger+129x31+uniform,policy,policy,vendor-cblas,policy,693.81523132324219,1150.7035908947537,1149.1469622691061,1152.1383083579747,0.60294869748668434
./jvm-c.csv,syr+129+uniform+uplo=L,syr+129+uniform+uplo=L,syr+129+uniform+uplo=L,policy,policy,vendor-cblas,policy,3827.9571533203125,4608.657214223852,4349.8666916619804,4980.9574920811474,0.83060140413697103
./jvm-c.csv,syr2+129+uniform+uplo=U,syr2+129+uniform+uplo=U,syr2+129+uniform+uplo=U,policy,policy,vendor-cblas,policy,5025.9246826171875,5893.7587186806322,5748.3608022732915,6111.5006983646626,0.85275372177812592
./jvm-c.csv,trsv+129+triangular+diag=N+transA=N+uplo=L,trsv+129+triangular+uplo=L+transA=N+diag=N,trsv+129+triangular+uplo=L+transA=N+diag=N,policy,policy,vendor-cblas,policy,1853.6834716796875,1994.6642036715148,1992.0090779925431,1999.2739242475811,0.92932106981599782
./jvm-c.csv,trmv+129+triangular+diag=U+transA=T+uplo=U,trmv+129+triangular+uplo=U+transA=T+diag=U,trmv+129+triangular+uplo=U+transA=T+diag=U,policy,policy,vendor-cblas,policy,1923.5076904296875,2134.7523280264841,2127.2443330294745,2153.9288263527096,0.90104489648591413
./jvm-c.csv,gemm+32x21x48+uniform,gemm+32x21x48+uniform,gemm+32x21x48+uniform,policy,policy,vendor-cblas,policy,1519.4435119628906,4326.9374834836881,4290.0277234387158,4372.4365861001206,0.3511591091303593
./jvm-c.csv,gemm+129x31x257+uniform+transA=T,gemm+129x31x257+uniform+transA=T,gemm+129x31x257+uniform+transA=T,policy,policy,vendor-cblas,policy,49166.50390625,98690.42497442913,98115.483418963107,99082.077953132466,0.49818920041117598
./jvm-c.csv,gemm+65x127x33+uniform+transB=T,gemm+65x127x33+uniform+transB=T,gemm+65x127x33+uniform+transB=T,policy,policy,vendor-cblas,policy,13322.509765625,26140.83412025082,25934.410667983702,26262.925106276569,0.50964363663148371
./jvm-c.csv,symm+129x31+uniform+side=L+uplo=L,symm+129x31+uniform+side=L+uplo=L,symm+129x31+uniform+side=L+uplo=L,policy,policy,vendor-cblas,policy,25340.9423828125,51318.047095226939,50922.083008763388,51694.413648681941,0.49380176793924502
./jvm-c.csv,symm+31x129+uniform+side=R+uplo=U,symm+31x129+uniform+side=R+uplo=U,symm+31x129+uniform+side=R+uplo=U,policy,policy,vendor-cblas,policy,29506.9580078125,51236.917902861576,50708.520169322706,51586.67141803883,0.57589252467827579
./jvm-c.csv,gemmt+129x31+uniform+transA=N+transB=N+uplo=L,gemmt+129x31+uniform+uplo=L+transA=N+transB=N,gemmt+129x31+uniform+uplo=L+transA=N+transB=N,policy,policy,vendor-cblas,policy,36325.8056640625,60745.801929438981,60518.623094958966,61633.595070422532,0.59799697279917019
./jvm-c.csv,syrk+129x31+uniform+transA=N+uplo=L,syrk+129x31+uniform+uplo=L+transA=N,syrk+129x31+uniform+uplo=L+transA=N,policy,policy,vendor-cblas,policy,15103.94287109375,31739.840506014145,31167.614399759001,32240.643438219493,0.4758670059552384
./jvm-c.csv,syr2k+129x31+uniform+transA=T+uplo=U,syr2k+129x31+uniform+uplo=U+transA=T,syr2k+129x31+uniform+uplo=U+transA=T,policy,policy,vendor-cblas,policy,24511.474609375,65775.702021158446,65339.038899430743,66265.220820189279,0.37265242112490499
./jvm-c.csv,trsm+64x16+triangular+diag=N+side=L+transA=N+uplo=L,trsm+64x16+triangular+side=L+uplo=L+transA=N+diag=N,trsm+64x16+triangular+side=L+uplo=L+transA=N+diag=N,policy,policy,vendor-cblas,policy,3520.9503173828125,9911.4016227211432,9865.4602530903412,9932.1094624063717,0.35524242195082667
./jvm-c.csv,trsm+17x64+triangular+diag=U+side=R+transA=T+uplo=U,trsm+17x64+triangular+side=R+uplo=U+transA=T+diag=U,trsm+17x64+triangular+side=R+uplo=U+transA=T+diag=U,policy,policy,vendor-cblas,policy,3062.1337890625,9554.8327556126496,9488.3574429636319,9633.9887845092017,0.3204801033554206
./jvm-c.csv,trmm+64x16+triangular+diag=N+side=L+transA=T+uplo=U,trmm+64x16+triangular+side=L+uplo=U+transA=T+diag=N,trmm+64x16+triangular+side=L+uplo=U+transA=T+diag=N,policy,policy,vendor-cblas,policy,1997.4441528320312,7993.5961110055587,7978.4567901234568,8010.0177726926013,0.24988054501302065
./jvm-c.csv,trmm+17x64+triangular+diag=U+side=R+transA=N+uplo=L,trmm+17x64+triangular+side=R+uplo=L+transA=N+diag=U,trmm+17x64+triangular+side=R+uplo=L+transA=N+diag=U,policy,policy,vendor-cblas,policy,2799.0875244140625,9886.8448442189219,9862.5367674680692,9921.8279295747543,0.28311231424358368
./jvm-c.csv,gemm+257x3x1+uniform,gemm+257x3x1+uniform,gemm+257x3x1+uniform,policy,policy,vendor-cblas,policy,296.45252227783203,1545.7765118870645,1529.2933338187643,1557.8477223094901,0.19178226606375751
./jvm-c.csv,gemm+3x257x33+uniform,gemm+3x257x33+uniform,gemm+3x257x33+uniform,policy,policy,vendor-cblas,policy,3071.71630859375,8949.0929026715094,8910.5280045901927,8975.5601470022648,0.34324331437846312
./jvm-c.csv,gemm+127x5x65+uniform,gemm+127x5x65+uniform,gemm+127x5x65+uniform,policy,policy,vendor-cblas,policy,2964.5156860351562,9792.1433140088775,9767.986698911729,9828.163469636007,0.30274431153331349
./jvm-c.csv,trsm+65x1+triangular+diag=N+side=L+transA=N+uplo=L,trsm+65x1+triangular+side=L+uplo=L+transA=N+diag=N,trsm+65x1+triangular+side=L+uplo=L+transA=N+diag=N,policy,policy,vendor-cblas,policy,712.85438537597656,772.4151594074192,767.47802501289414,781.98585605639028,0.92289020573193248
./jvm-c.csv,trsm+65x33+triangular+diag=U+side=L+transA=T+uplo=U,trsm+65x33+triangular+side=L+uplo=U+transA=T+diag=U,trsm+65x33+triangular+side=L+uplo=U+transA=T+diag=U,policy,policy,vendor-cblas,policy,7963.287353515625,17751.371191149847,17539.234488517744,17934.56137232246,0.44860125270130202
./jvm-c.csv,gemm-add+15x7x31+uniform,gemm-block+15x7x31+uniform+packed=4x4+timing=prepacked-compute,gemm-block+15x7x31+uniform+packed=4x4+timing=prepacked-compute,column-major,packed=4x4,vendor-cblas,c-tile,311.17534637451172,551.25121333042352,546.99826384636947,553.88039579729104,0.56448918179158947
./jvm-c.csv,gemm-add+32x16x65+uniform,gemm-block+32x16x65+uniform+packed=4x4+timing=prepacked-compute,gemm-block+32x16x65+uniform+packed=4x4+timing=prepacked-compute,column-major,packed=4x4,vendor-cblas,c-tile,1484.5161437988281,3228.2974679329968,3171.5137680060652,3300.0748864761244,0.45984490541676415
./jvm-c.csv,gemm-add+64x64x31+uniform,gemm-block+64x64x31+uniform+packed=4x4+timing=prepacked-compute,gemm-block+64x64x31+uniform+packed=4x4+timing=prepacked-compute,column-major,packed=4x4,vendor-cblas,c-tile,5203.155517578125,16940.640412970151,16597.221177400235,17499.756957173806,0.30714042626124494
./jvm-c.csv,gemm-add+64x64x32+uniform,gemm-block+64x64x32+uniform+packed=4x4+timing=prepacked-compute,gemm-block+64x64x32+uniform+packed=4x4+timing=prepacked-compute,column-major,packed=4x4,vendor-cblas,c-tile,5436.798095703125,17264.316798823871,17011.133175194849,17799.491525423728,0.31491533427337859
./jvm-c.csv,gemm-add+64x64x33+uniform,gemm-block+64x64x33+uniform+packed=4x4+timing=prepacked-compute,gemm-block+64x64x33+uniform+packed=4x4+timing=prepacked-compute,column-major,packed=4x4,vendor-cblas,c-tile,5549.2706298828125,17438.411908481343,17374.695495185693,17682.536059351278,0.31822110057991404
./jvm-c.csv,gemm-add+64x64x63+uniform,gemm-block+64x64x63+uniform+packed=4x4+timing=prepacked-compute,gemm-block+64x64x63+uniform+packed=4x4+timing=prepacked-compute,column-major,packed=4x4,vendor-cblas,c-tile,10438.29345703125,25179.35712950032,25067.107292039622,25418.963503649637,0.41455758395045234
./jvm-c.csv,gemm-add+64x64x64+uniform,gemm-block+64x64x64+uniform+packed=4x4+timing=prepacked-compute,gemm-block+64x64x64+uniform+packed=4x4+timing=prepacked-compute,column-major,packed=4x4,vendor-cblas,c-tile,10704.864501953125,25811.275869361612,25532.731582786288,25958.312778052397,0.41473596873450053
./jvm-c.csv,gemm-add+64x64x65+uniform,gemm-block+64x64x65+uniform+packed=4x4+timing=prepacked-compute,gemm-block+64x64x65+uniform+packed=4x4+timing=prepacked-compute,column-major,packed=4x4,vendor-cblas,c-tile,10820.00732421875,25841.778845267363,25570.631482834186,25978.048010107392,0.41870210982787337
./jvm-c.csv,gemm-add+128x128x64+uniform,gemm-block+128x128x64+uniform+packed=4x4+timing=prepacked-compute,gemm-block+128x128x64+uniform+packed=4x4+timing=prepacked-compute,column-major,packed=4x4,vendor-cblas,c-tile,40779.1748046875,103192.81173243656,102325.8645884072,104064.24935600207,0.39517456807380891
./jvm-c.csv,gemm-add+128x8x64+uniform,gemm-block+128x8x64+uniform+packed=4x4+timing=prepacked-compute,gemm-block+128x8x64+uniform+packed=4x4+timing=prepacked-compute,column-major,packed=4x4,vendor-cblas,c-tile,3341.339111328125,6336.3503901990189,6285.3448348096717,6376.2067395264121,0.52732865223117442
./jvm-simd.csv,dot+4096+uniform,dot+4096+uniform,dot+4096+uniform,policy,policy,vendor-cblas,policy,605.21316528320312,442.46987690223023,439.78147457911047,448.89916582422677,1.3678064810204769
./jvm-simd.csv,axpy+4096+uniform,axpy+4096+uniform,axpy+4096+uniform,policy,policy,vendor-cblas,policy,715.67726135253906,681.35957876176826,678.44783746245037,685.54773562610569,1.0503664785239186
./jvm-simd.csv,axpy-arithmetic+4096+uniform,axpy-arithmetic+4096+uniform,axpy-arithmetic+4096+uniform,policy,policy,vendor-cblas,policy,721.06361389160156,680.71564094420592,678.90284646664463,683.96103139101558,1.0592728747813549
./jvm-simd.csv,scal+4096+uniform,scal+4096+uniform,scal+4096+uniform,policy,policy,vendor-cblas,policy,565.08636474609375,694.78559119854322,690.51542445620612,698.04494496882137,0.81332481833897674
./jvm-simd.csv,nrm2+4096+uniform,nrm2+4096+uniform,nrm2+4096+uniform,policy,policy,vendor-cblas,policy,3688.0340576171875,406.98747565705992,405.16206341091703,415.20020283213762,9.0617875934954757
./jvm-simd.csv,asum+4096+uniform,asum+4096+uniform,asum+4096+uniform,policy,policy,vendor-cblas,policy,260.25485992431641,382.17242859073576,381.66591804613694,382.4557675462957,0.68098805788792383
./jvm-simd.csv,sum+4096+uniform,sum+4096+uniform,sum+4096+uniform,policy,policy,vendor-cblas,policy,222.503662109375,301.75917709974976,298.46926254844362,306.41470520831967,0.73735507979538273
./jvm-simd.csv,iamax+4096+uniform,iamax+4096+uniform,iamax+4096+uniform,policy,policy,vendor-cblas,policy,292.19436645507812,658.86812941115045,656.94884202492369,667.74870060304738,0.44347928426318134
./jvm-simd.csv,swap+4096+uniform,swap+4096+uniform,swap+4096+uniform,policy,policy,vendor-cblas,policy,1433.3839416503906,1499.3539522270296,1449.879654558257,1543.303771796398,0.9560010426633071
./jvm-simd.csv,rot+4096+uniform,rot+4096+uniform,rot+4096+uniform,policy,policy,vendor-cblas,policy,1293.7126159667969,1702.8207336463997,1684.7355248592194,1717.0791229274992,0.75974680740259504
./jvm-simd.csv,rotm+4096+uniform,rotm+4096+uniform,rotm+4096+uniform,policy,policy,vendor-cblas,policy,1939.4378662109375,1367.7156924919459,1250.1579890356491,1467.7181429409957,1.4180124399079805
./jvm-simd.csv,rotmg+1+uniform,rotmg+1+uniform,rotmg+1+uniform,policy,policy,vendor-cblas,policy,24.330500000000001,4.2879581893198413,4.2797603463664968,4.3070373800452026,5.6741458115428411
./jvm-simd.csv,dot4+4096+uniform,dot4+4096+uniform,dot4+4096+uniform,policy,policy,vendor-cblas,policy,2066.1239624023438,1864.6868071549561,1843.8342313234875,1893.8552760782536,1.1080273397518858
./jvm-simd.csv,axpy4+4096+uniform,axpy4+4096+uniform,axpy4+4096+uniform,policy,policy,vendor-cblas,policy,2461.7996215820312,2175.1031099369857,2116.7420821099049,2198.8278366497484,1.1318082394969089
./jvm-simd.csv,dot-axpy+4096+uniform,dot-axpy+4096+uniform,dot-axpy+4096+uniform,policy,policy,vendor-cblas,policy,1301.7387390136719,1715.3215184603803,1692.7864155140728,1744.4814452293813,0.75888906249020438
./jvm-simd.csv,gemv+32x21+uniform,gemv+32x21+uniform,gemv+32x21+uniform,policy,policy,vendor-cblas,policy,131.15300000000002,66.489113015920552,66.345068202451131,66.736432795233057,1.9725484978058883
./jvm-simd.csv,gemv+129x31+uniform+transA=T,gemv+129x31+uniform+transA=T,gemv+129x31+uniform+transA=T,policy,policy,vendor-cblas,policy,606.44149780273438,482.57141090573487,481.65636778241196,483.57915689087105,1.2566875784549869
./jvm-simd.csv,symv+129+uniform+uplo=U,symv+129+uniform+uplo=U,symv+129+uniform+uplo=U,policy,policy,vendor-cblas,policy,1150.054931640625,2693.1741783653192,2686.21541944313,2711.669317204161,0.42702582732271549
./jvm-simd.csv,ger+129x31+uniform,ger+129x31+uniform,ger+129x31+uniform,policy,policy,vendor-cblas,policy,693.81523132324219,836.8432251630893,834.87964240142787,859.0389827488184,0.8290862738215119
./jvm-simd.csv,syr+129+uniform+uplo=L,syr+129+uniform+uplo=L,syr+129+uniform+uplo=L,policy,policy,vendor-cblas,policy,3827.9571533203125,4533.9875924517091,4291.5704888562032,5527.1867466708773,0.8442804651016661
./jvm-simd.csv,syr2+129+uniform+uplo=U,syr2+129+uniform+uplo=U,syr2+129+uniform+uplo=U,policy,policy,vendor-cblas,policy,5025.9246826171875,5246.3110025090409,5205.4345304483604,6610.3815309077172,0.95799213584813137
./jvm-simd.csv,trsv+129+triangular+diag=N+transA=N+uplo=L,trsv+129+triangular+uplo=L+transA=N+diag=N,trsv+129+triangular+uplo=L+transA=N+diag=N,policy,policy,vendor-cblas,policy,1853.6834716796875,1360.2021288444494,1359.1046306961575,1363.7839096133243,1.362800007712436
./jvm-simd.csv,trmv+129+triangular+diag=U+transA=T+uplo=U,trmv+129+triangular+uplo=U+transA=T+diag=U,trmv+129+triangular+uplo=U+transA=T+diag=U,policy,policy,vendor-cblas,policy,1923.5076904296875,1161.242717833908,1158.5629933638936,1172.0648140397868,1.6564217461941542
./jvm-simd.csv,gemm+32x21x48+uniform,gemm+32x21x48+uniform,gemm+32x21x48+uniform,policy,policy,vendor-cblas,policy,1519.4435119628906,4172.8844579545848,4079.3791710367868,4275.5147231543624,0.36412307296609731
./jvm-simd.csv,gemm+129x31x257+uniform+transA=T,gemm+129x31x257+uniform+transA=T,gemm+129x31x257+uniform+transA=T,policy,policy,vendor-cblas,policy,49166.50390625,96712.991102681233,96336.485557083914,96953.257037378862,0.50837538313802522
./jvm-simd.csv,gemm+65x127x33+uniform+transB=T,gemm+65x127x33+uniform+transB=T,gemm+65x127x33+uniform+transB=T,policy,policy,vendor-cblas,policy,13322.509765625,24022.514950778022,23750.326081952117,24267.070327887846,0.55458430530370095
./jvm-simd.csv,symm+129x31+uniform+side=L+uplo=L,symm+129x31+uniform+side=L+uplo=L,symm+129x31+uniform+side=L+uplo=L,policy,policy,vendor-cblas,policy,25340.9423828125,50429.506076445665,50091.274677065565,50738.798309178746,0.50250229190026918
./jvm-simd.csv,symm+31x129+uniform+side=R+uplo=U,symm+31x129+uniform+side=R+uplo=U,symm+31x129+uniform+side=R+uplo=U,policy,policy,vendor-cblas,policy,29506.9580078125,50629.294728544548,50445.690759155957,50799.113422007256,0.58280404982960632
./jvm-simd.csv,gemmt+129x31+uniform+transA=N+transB=N+uplo=L,gemmt+129x31+uniform+uplo=L+transA=N+transB=N,gemmt+129x31+uniform+uplo=L+transA=N+transB=N,policy,policy,vendor-cblas,policy,36325.8056640625,61409.626565253137,61211.398131932285,61626.662070988561,0.59153275627662594
./jvm-simd.csv,syrk+129x31+uniform+transA=N+uplo=L,syrk+129x31+uniform+uplo=L+transA=N,syrk+129x31+uniform+uplo=L+transA=N,policy,policy,vendor-cblas,policy,15103.94287109375,28372.899690952538,28135.42660487938,28604.526889040164,0.53233694954027022
./jvm-simd.csv,syr2k+129x31+uniform+transA=T+uplo=U,syr2k+129x31+uniform+uplo=U+transA=T,syr2k+129x31+uniform+uplo=U+transA=T,policy,policy,vendor-cblas,policy,24511.474609375,59849.820046131143,59679.663920454543,59996.001142530702,0.40954967935546016
./jvm-simd.csv,trsm+64x16+triangular+diag=N+side=L+transA=N+uplo=L,trsm+64x16+triangular+side=L+uplo=L+transA=N+diag=N,trsm+64x16+triangular+side=L+uplo=L+transA=N+diag=N,policy,policy,vendor-cblas,policy,3520.9503173828125,8553.9459938785803,8549.3751780844213,8580.9462242562931,0.41161708524960217
./jvm-simd.csv,trsm+17x64+triangular+diag=U+side=R+transA=T+uplo=U,trsm+17x64+triangular+side=R+uplo=U+transA=T+diag=U,trsm+17x64+triangular+side=R+uplo=U+transA=T+diag=U,policy,policy,vendor-cblas,policy,3062.1337890625,7598.6549631678008,7559.8190167477042,7645.0864515647172,0.4029836601221235
./jvm-simd.csv,trmm+64x16+triangular+diag=N+side=L+transA=T+uplo=U,trmm+64x16+triangular+side=L+uplo=U+transA=T+diag=N,trmm+64x16+triangular+side=L+uplo=U+transA=T+diag=N,policy,policy,vendor-cblas,policy,1997.4441528320312,5056.0711558541007,5008.5625689481512,5112.417158796773,0.3950585526311905
./jvm-simd.csv,trmm+17x64+triangular+diag=U+side=R+transA=N+uplo=L,trmm+17x64+triangular+side=R+uplo=L+transA=N+diag=U,trmm+17x64+triangular+side=R+uplo=L+transA=N+diag=U,policy,policy,vendor-cblas,policy,2799.0875244140625,7926.0436172929903,7486.7788025126174,8196.0671425738656,0.35315065871035978
./jvm-simd.csv,gemm+257x3x1+uniform,gemm+257x3x1+uniform,gemm+257x3x1+uniform,policy,policy,vendor-cblas,policy,296.45252227783203,1399.4406575514129,1383.9553826182648,1420.0392094551651,0.21183643670645672
./jvm-simd.csv,gemm+3x257x33+uniform,gemm+3x257x33+uniform,gemm+3x257x33+uniform,policy,policy,vendor-cblas,policy,3071.71630859375,8742.1789976680629,8718.7236082859399,8786.2299615127176,0.35136735468504093
./jvm-simd.csv,gemm+127x5x65+uniform,gemm+127x5x65+uniform,gemm+127x5x65+uniform,policy,policy,vendor-cblas,policy,2964.5156860351562,9567.9813197237563,9521.6115694985947,9802.7207467911321,0.30983711056416935
./jvm-simd.csv,trsm+65x1+triangular+diag=N+side=L+transA=N+uplo=L,trsm+65x1+triangular+side=L+uplo=L+transA=N+diag=N,trsm+65x1+triangular+side=L+uplo=L+transA=N+diag=N,policy,policy,vendor-cblas,policy,712.85438537597656,726.45000630549168,723.71936893499719,728.03968135666071,0.98128484987059417
./jvm-simd.csv,trsm+65x33+triangular+diag=U+side=L+transA=T+uplo=U,trsm+65x33+triangular+side=L+uplo=U+transA=T+diag=U,trsm+65x33+triangular+side=L+uplo=U+transA=T+diag=U,policy,policy,vendor-cblas,policy,7963.287353515625,18712.546003469921,18578.707534056157,18944.752615440117,0.42555873220239349
./jvm-simd.csv,gemm-add+15x7x31+uniform,gemm-block+15x7x31+uniform+packed=4x4+timing=prepacked-compute,gemm-block+15x7x31+uniform+packed=4x4+timing=prepacked-compute,column-major,packed=4x4,vendor-cblas,vector-tile,311.17534637451172,471.0562714119983,452.51977870350839,483.72067471080129,0.66059060299050665
./jvm-simd.csv,gemm-add+32x16x65+uniform,gemm-block+32x16x65+uniform+packed=4x4+timing=prepacked-compute,gemm-block+32x16x65+uniform+packed=4x4+timing=prepacked-compute,column-major,packed=4x4,vendor-cblas,vector-tile,1484.5161437988281,2864.8716106953161,2851.4160229170343,2884.1133108089243,0.51817894325761071
./jvm-simd.csv,gemm-add+64x64x31+uniform,gemm-block+64x64x31+uniform+packed=4x4+timing=prepacked-compute,gemm-block+64x64x31+uniform+packed=4x4+timing=prepacked-compute,column-major,packed=4x4,vendor-cblas,vector-tile,5203.155517578125,14271.333476346588,14087.282025486251,14470.320909404065,0.36458790106768035
./jvm-simd.csv,gemm-add+64x64x32+uniform,gemm-block+64x64x32+uniform+packed=4x4+timing=prepacked-compute,gemm-block+64x64x32+uniform+packed=4x4+timing=prepacked-compute,column-major,packed=4x4,vendor-cblas,vector-tile,5436.798095703125,14440.946625816625,14330.239953126076,14553.541297117517,0.37648488264498919
./jvm-simd.csv,gemm-add+64x64x33+uniform,gemm-block+64x64x33+uniform+packed=4x4+timing=prepacked-compute,gemm-block+64x64x33+uniform+packed=4x4+timing=prepacked-compute,column-major,packed=4x4,vendor-cblas,vector-tile,5549.2706298828125,14765.818562034172,14621.730854915066,14875.61378284581,0.37581869278490798
./jvm-simd.csv,gemm-add+64x64x63+uniform,gemm-block+64x64x63+uniform+packed=4x4+timing=prepacked-compute,gemm-block+64x64x63+uniform+packed=4x4+timing=prepacked-compute,column-major,packed=4x4,vendor-cblas,vector-tile,10438.29345703125,22665.831498212829,22560.95155746509,23044.466784374312,0.46052991516566671
./jvm-simd.csv,gemm-add+64x64x64+uniform,gemm-block+64x64x64+uniform+packed=4x4+timing=prepacked-compute,gemm-block+64x64x64+uniform+packed=4x4+timing=prepacked-compute,column-major,packed=4x4,vendor-cblas,vector-tile,10704.864501953125,22960.247341016078,22686.766364225536,23101.769907611088,0.46623472051322395
./jvm-simd.csv,gemm-add+64x64x65+uniform,gemm-block+64x64x65+uniform+packed=4x4+timing=prepacked-compute,gemm-block+64x64x65+uniform+packed=4x4+timing=prepacked-compute,column-major,packed=4x4,vendor-cblas,vector-tile,10820.00732421875,23138.569174984903,22934.629067481983,23276.115580673759,0.46761782210441322
./jvm-simd.csv,gemm-add+128x128x64+uniform,gemm-block+128x128x64+uniform+packed=4x4+timing=prepacked-compute,gemm-block+128x128x64+uniform+packed=4x4+timing=prepacked-compute,column-major,packed=4x4,vendor-cblas,vector-tile,40779.1748046875,89578.01447327662,89040.37300560587,90420.171839856048,0.45523642206707937
./jvm-simd.csv,gemm-add+128x8x64+uniform,gemm-block+128x8x64+uniform+packed=4x4+timing=prepacked-compute,gemm-block+128x8x64+uniform+packed=4x4+timing=prepacked-compute,column-major,packed=4x4,vendor-cblas,vector-tile,3341.339111328125,5704.7832412539501,5623.9122460339549,5778.2650723184879,0.58570833807765776
./native.csv,dot+4096+uniform,dot+4096+uniform,dot+4096+uniform,policy,policy,vendor-cblas,policy,605.21316528320312,370.95390951809526,368.0539979289797,374.63668360118282,1.6315050192338805
./native.csv,axpy+4096+uniform,axpy+4096+uniform,axpy+4096+uniform,policy,policy,vendor-cblas,policy,715.67726135253906,845.71711710182331,843.31286286626153,849.66620547991715,0.84623717183954361
./native.csv,axpy-arithmetic+4096+uniform,axpy-arithmetic+4096+uniform,axpy-arithmetic+4096+uniform,policy,policy,vendor-cblas,policy,721.06361389160156,718.25268952704653,717.06109582925285,719.43273302033526,1.003913559121381
./native.csv,scal+4096+uniform,scal+4096+uniform,scal+4096+uniform,policy,policy,vendor-cblas,policy,565.08636474609375,764.94499447632086,762.78473706140267,768.34074793292075,0.73872810310099524
./native.csv,nrm2+4096+uniform,nrm2+4096+uniform,nrm2+4096+uniform,policy,policy,vendor-cblas,policy,3688.0340576171875,433.92373593675342,431.23977455366838,436.71946266452369,8.4992678486588655
./native.csv,asum+4096+uniform,asum+4096+uniform,asum+4096+uniform,policy,policy,vendor-cblas,policy,260.25485992431641,270.38510944791085,269.58117449421127,272.80085008351722,0.96253399625342162
./native.csv,sum+4096+uniform,sum+4096+uniform,sum+4096+uniform,policy,policy,vendor-cblas,policy,222.503662109375,196.63104150000001,195.59133399999999,197.348792,1.1315795329771214
./native.csv,iamax+4096+uniform,iamax+4096+uniform,iamax+4096+uniform,policy,policy,vendor-cblas,policy,292.19436645507812,3681.618066284117,3675.7200397263296,3715.8892996395202,0.079365746580549554
./native.csv,swap+4096+uniform,swap+4096+uniform,swap+4096+uniform,policy,policy,vendor-cblas,policy,1433.3839416503906,1759.7099149499809,1743.8641552511415,1796.8221705183171,0.81455695025230002
./native.csv,rot+4096+uniform,rot+4096+uniform,rot+4096+uniform,policy,policy,vendor-cblas,policy,1293.7126159667969,1389.0079735017505,1341.1949955378595,1451.5285714285715,0.93139322498292809
./native.csv,rotm+4096+uniform,rotm+4096+uniform,rotm+4096+uniform,policy,policy,vendor-cblas,policy,1939.4378662109375,1339.7649452643179,1303.4975735728558,1358.4506714996051,1.4475956197139581
./native.csv,rotmg+1+uniform,rotmg+1+uniform,rotmg+1+uniform,policy,policy,vendor-cblas,policy,24.330500000000001,14.128083499999999,13.991,14.538417000000001,1.7221373302330782
./native.csv,dot4+4096+uniform,dot4+4096+uniform,dot4+4096+uniform,policy,policy,vendor-cblas,policy,2066.1239624023438,1297.8819378298365,1287.6684064873214,1313.4758334405972,1.5919198057853168
./native.csv,axpy4+4096+uniform,axpy4+4096+uniform,axpy4+4096+uniform,policy,policy,vendor-cblas,policy,2461.7996215820312,2165.0511852202535,2134.4639699648783,2205.6120426745351,1.1370630118989955
./native.csv,dot-axpy+4096+uniform,dot-axpy+4096+uniform,dot-axpy+4096+uniform,policy,policy,vendor-cblas,policy,1301.7387390136719,1280.8195613396783,1277.2861402141784,1300.9500486184004,1.0163326500511227
./native.csv,gemv+32x21+uniform,gemv+32x21+uniform,gemv+32x21+uniform,policy,policy,vendor-cblas,policy,131.15300000000002,252.63934235516967,252.36515423192577,253.117800212943,0.51913133867970696
./native.csv,gemv+129x31+uniform+transA=T,gemv+129x31+uniform+transA=T,gemv+129x31+uniform+transA=T,policy,policy,vendor-cblas,policy,606.44149780273438,803.58470700199575,801.80069389508856,804.63955202004581,0.75467028244631373
./native.csv,symv+129+uniform+uplo=U,symv+129+uniform+uplo=U,symv+129+uniform+uplo=U,policy,policy,vendor-cblas,policy,1150.054931640625,3579.8337003419447,3577.5924772186117,3582.3337630019514,0.32125931758527554
./native.csv,ger+129x31+uniform,ger+129x31+uniform,ger+129x31+uniform,policy,policy,vendor-cblas,policy,693.81523132324219,1231.4210145149905,1227.4370638598214,1234.1787645380059,0.56342649925988908
./native.csv,syr+129+uniform+uplo=L,syr+129+uniform+uplo=L,syr+129+uniform+uplo=L,policy,policy,vendor-cblas,policy,3827.9571533203125,5318.761349950254,5236.1005655338531,5421.7449075771065,0.71970838724623643
./native.csv,syr2+129+uniform+uplo=U,syr2+129+uniform+uplo=U,syr2+129+uniform+uplo=U,policy,policy,vendor-cblas,policy,5025.9246826171875,8088.9806321907718,7977.2831322902985,8157.8304072614355,0.62132979557598422
./native.csv,trsv+129+triangular+diag=N+transA=N+uplo=L,trsv+129+triangular+uplo=L+transA=N+diag=N,trsv+129+triangular+uplo=L+transA=N+diag=N,policy,policy,vendor-cblas,policy,1853.6834716796875,2893.8906971007345,2889.9522158052064,2900.647908988014,0.64055061704189931
./native.csv,trmv+129+triangular+diag=U+transA=T+uplo=U,trmv+129+triangular+uplo=U+transA=T+diag=U,trmv+129+triangular+uplo=U+transA=T+diag=U,policy,policy,vendor-cblas,policy,1923.5076904296875,2319.3840793306335,2316.6644346705966,2320.6830952408582,0.8293183123792095
./native.csv,gemm+32x21x48+uniform,gemm+32x21x48+uniform,gemm+32x21x48+uniform,policy,policy,vendor-cblas,policy,1519.4435119628906,6528.1864348565632,6504.3028360210656,6540.0393183082006,0.23275124372214345
./native.csv,gemm+129x31x257+uniform+transA=T,gemm+129x31x257+uniform+transA=T,gemm+129x31x257+uniform+transA=T,policy,policy,vendor-cblas,policy,49166.50390625,133184.02312332438,132901.92091152814,134618.10187667562,0.36916217691309189
./native.csv,gemm+65x127x33+uniform+transB=T,gemm+65x127x33+uniform+transB=T,gemm+65x127x33+uniform+transB=T,policy,policy,vendor-cblas,policy,13322.509765625,34743.418180230525,34664.709221096753,34969.750611246942,0.38345420408881037
./native.csv,symm+129x31+uniform+side=L+uplo=L,symm+129x31+uniform+side=L+uplo=L,symm+129x31+uniform+side=L+uplo=L,policy,policy,vendor-cblas,policy,25340.9423828125,66293.620385766553,66246.314266711008,66633.812770202858,0.3822531072424773
./native.csv,symm+31x129+uniform+side=R+uplo=U,symm+31x129+uniform+side=R+uplo=U,symm+31x129+uniform+side=R+uplo=U,policy,policy,vendor-cblas,policy,29506.9580078125,66497.477867203212,66386.708920187797,67109.909456740439,0.4437304835341046
./native.csv,gemmt+129x31+uniform+transA=N+transB=N+uplo=L,gemmt+129x31+uniform+uplo=L+transA=N+transB=N,gemmt+129x31+uniform+uplo=L+transA=N+transB=N,policy,policy,vendor-cblas,policy,36325.8056640625,146271.36739926739,145097.34432234432,148112.8205128205,0.24834529347706394
./native.csv,syrk+129x31+uniform+transA=N+uplo=L,syrk+129x31+uniform+uplo=L+transA=N,syrk+129x31+uniform+uplo=L+transA=N,policy,policy,vendor-cblas,policy,15103.94287109375,40556.798455912227,40439.05749695246,40773.737098740348,0.37241457526566552
./native.csv,syr2k+129x31+uniform+transA=T+uplo=U,syr2k+129x31+uniform+uplo=U+transA=T,syr2k+129x31+uniform+uplo=U+transA=T,policy,policy,vendor-cblas,policy,24511.474609375,83163.664659468443,82959.683139534885,83444.282807308977,0.29473778854915206
./native.csv,trsm+64x16+triangular+diag=N+side=L+transA=N+uplo=L,trsm+64x16+triangular+side=L+uplo=L+transA=N+diag=N,trsm+64x16+triangular+side=L+uplo=L+transA=N+diag=N,policy,policy,vendor-cblas,policy,3520.9503173828125,19286.405172413793,19265.820651126949,19308.033134270852,0.1825612542050597
./native.csv,trsm+17x64+triangular+diag=U+side=R+transA=T+uplo=U,trsm+17x64+triangular+side=R+uplo=U+transA=T+diag=U,trsm+17x64+triangular+side=R+uplo=U+transA=T+diag=U,policy,policy,vendor-cblas,policy,3062.1337890625,22090.599061292101,22063.243180563226,22136.871893981224,0.13861705518109171
./native.csv,trmm+64x16+triangular+diag=N+side=L+transA=T+uplo=U,trmm+64x16+triangular+side=L+uplo=U+transA=T+diag=N,trmm+64x16+triangular+side=L+uplo=U+transA=T+diag=N,policy,policy,vendor-cblas,policy,1997.4441528320312,17148.577897620271,17124.678993323061,17189.197740112995,0.11647870539219576
./native.csv,trmm+17x64+triangular+diag=U+side=R+transA=N+uplo=L,trmm+17x64+triangular+side=R+uplo=L+transA=N+diag=U,trmm+17x64+triangular+side=R+uplo=L+transA=N+diag=U,policy,policy,vendor-cblas,policy,2799.0875244140625,20247.848600121728,20229.065226212213,20284.189693649827,0.13824123143617514
./native.csv,gemm+257x3x1+uniform,gemm+257x3x1+uniform,gemm+257x3x1+uniform,policy,policy,vendor-cblas,policy,296.45252227783203,3125.3354130741495,3116.0637717510581,3133.0178397868003,0.094854626174742232
./native.csv,gemm+3x257x33+uniform,gemm+3x257x33+uniform,gemm+3x257x33+uniform,policy,policy,vendor-cblas,policy,3071.71630859375,16438.618912704282,16397.094276094274,16605.920259505627,0.18685975536666471
./native.csv,gemm+127x5x65+uniform,gemm+127x5x65+uniform,gemm+127x5x65+uniform,policy,policy,vendor-cblas,policy,2964.5156860351562,17229.238827299498,17154.151481032393,17280.649142560193,0.17206306765786547
./native.csv,trsm+65x1+triangular+diag=N+side=L+transA=N+uplo=L,trsm+65x1+triangular+side=L+uplo=L+transA=N+diag=N,trsm+65x1+triangular+side=L+uplo=L+transA=N+diag=N,policy,policy,vendor-cblas,policy,712.85438537597656,1564.9899358808746,1563.9981053933657,1567.4281576124824,0.45550093903622285
./native.csv,trsm+65x33+triangular+diag=U+side=L+transA=T+uplo=U,trsm+65x33+triangular+side=L+uplo=U+transA=T+diag=U,trsm+65x33+triangular+side=L+uplo=U+transA=T+diag=U,policy,policy,vendor-cblas,policy,7963.287353515625,23802.917204301077,23724.412544802868,23875.005017921147,0.33455089916780018
./native.csv,gemm-add+15x7x31+uniform,gemm-block+15x7x31+uniform+packed=4x4+timing=prepacked-compute,gemm-block+15x7x31+uniform+packed=4x4+timing=prepacked-compute,column-major,packed=4x4,vendor-cblas,c-tile,311.17534637451172,1100.4538012594915,1093.9409620230924,1103.5099952233759,0.2827700227109628
./native.csv,gemm-add+32x16x65+uniform,gemm-block+32x16x65+uniform+packed=4x4+timing=prepacked-compute,gemm-block+32x16x65+uniform+packed=4x4+timing=prepacked-compute,column-major,packed=4x4,vendor-cblas,c-tile,1484.5161437988281,6040.8451342129902,6033.9835139949873,6049.6781907666291,0.24574643296036638
./native.csv,gemm-add+64x64x31+uniform,gemm-block+64x64x31+uniform+packed=4x4+timing=prepacked-compute,gemm-block+64x64x31+uniform+packed=4x4+timing=prepacked-compute,column-major,packed=4x4,vendor-cblas,c-tile,5203.155517578125,39594.328900357286,39566.825327510916,39648.595672886069,0.13141163550649734
./native.csv,gemm-add+64x64x32+uniform,gemm-block+64x64x32+uniform+packed=4x4+timing=prepacked-compute,gemm-block+64x64x32+uniform+packed=4x4+timing=prepacked-compute,column-major,packed=4x4,vendor-cblas,c-tile,5436.798095703125,39930.293389255043,39906.888755741958,39963.076692630319,0.13615722886639567
./native.csv,gemm-add+64x64x33+uniform,gemm-block+64x64x33+uniform+packed=4x4+timing=prepacked-compute,gemm-block+64x64x33+uniform+packed=4x4+timing=prepacked-compute,column-major,packed=4x4,vendor-cblas,c-tile,5549.2706298828125,39997.545090180356,39942.134268537076,40299.089979959921,0.13874028061900209
./native.csv,gemm-add+64x64x63+uniform,gemm-block+64x64x63+uniform+packed=4x4+timing=prepacked-compute,gemm-block+64x64x63+uniform+packed=4x4+timing=prepacked-compute,column-major,packed=4x4,vendor-cblas,c-tile,10438.29345703125,47706.051881140666,47556.174454828659,47740.254732806134,0.21880438739802224
./native.csv,gemm-add+64x64x64+uniform,gemm-block+64x64x64+uniform+packed=4x4+timing=prepacked-compute,gemm-block+64x64x64+uniform+packed=4x4+timing=prepacked-compute,column-major,packed=4x4,vendor-cblas,c-tile,10704.864501953125,47973.719298245618,47560.101658255226,48040.154770487861,0.22314018296981611
./native.csv,gemm-add+64x64x65+uniform,gemm-block+64x64x65+uniform+packed=4x4+timing=prepacked-compute,gemm-block+64x64x65+uniform+packed=4x4+timing=prepacked-compute,column-major,packed=4x4,vendor-cblas,c-tile,10820.00732421875,48320.215862236233,47926.044870240119,48373.716711132671,0.22392299229513429
./native.csv,gemm-add+128x128x64+uniform,gemm-block+128x128x64+uniform+packed=4x4+timing=prepacked-compute,gemm-block+128x128x64+uniform+packed=4x4+timing=prepacked-compute,column-major,packed=4x4,vendor-cblas,c-tile,40779.1748046875,192661.82671829622,192358.34172313649,192851.08131655373,0.21166193375874853
./native.csv,gemm-add+128x8x64+uniform,gemm-block+128x8x64+uniform+packed=4x4+timing=prepacked-compute,gemm-block+128x8x64+uniform+packed=4x4+timing=prepacked-compute,column-major,packed=4x4,vendor-cblas,c-tile,3341.339111328125,11972.459585057264,11941.918510523476,11982.048629849492,0.27908543667154451
