schema,6
run,id,implementation,workload_version,fixture_version,pass,unit,source_commit,dirty,runtime,threads,warmups,target_ns,harness,warmup_target_ns,forks
case,id,run_id,case,status,comparison_kind,timing_mode,actual_kernel
sample,case_id,fork,sample,operations,elapsed_ns,ns_per_op
run,1,native/c/c-sparse/packed-4x4,5,2,1,ns,7a38ed4bdde4f7b167b5dbe3924fffe6ca7555fa,true,kotlin-native-2.4.10,1,5,200000000,native-calibrated,50000000,1
case,1,1,gemm-tile+4x4x32+uniform+packed=4x4,ok,partial,raw-tile,c-tile
sample,1,1,1,1000000,122464423,122.464423
sample,1,1,2,1000000,150696100,150.6961
sample,1,1,3,1000000,137631588,137.631588
sample,1,1,4,1000000,157902531,157.902531
sample,1,1,5,1000000,179609394,179.609394
sample,1,1,6,1000000,148036886,148.036886
sample,1,1,7,1000000,168758795,168.758795
sample,1,1,8,1000000,111741247,111.741247
sample,1,1,9,1000000,113331975,113.331975
sample,1,1,10,1000000,108734500,108.7345
case,2,1,gemm-tile+3x2x31+uniform+packed=4x4,ok,partial,raw-tile,c-tile
sample,2,1,1,1000000,138895737,138.895737
sample,2,1,2,1000000,109439643,109.439643
sample,2,1,3,1000000,119863807,119.863807
sample,2,1,4,1000000,128602875,128.602875
sample,2,1,5,1000000,152903511,152.903511
sample,2,1,6,1000000,152514883,152.514883
sample,2,1,7,1000000,121840262,121.840262
sample,2,1,8,1000000,139669219,139.669219
sample,2,1,9,1000000,119206432,119.206432
sample,2,1,10,1000000,113575170,113.57517
case,3,1,packed-trsm+4x4+triangular+packed=4x4+uplo=L+diag=N,ok,partial,raw-tile,c-tile
sample,3,1,1,1000000,121448702,121.448702
sample,3,1,2,1000000,120252698,120.252698
sample,3,1,3,1000000,84031769,84.031769
sample,3,1,4,1000000,82000433,82.000433
sample,3,1,5,1000000,83953184,83.953184
sample,3,1,6,1000000,96561909,96.561909
sample,3,1,7,1000000,99348302,99.348302
sample,3,1,8,1000000,84141554,84.141554
sample,3,1,9,1000000,90096834,90.096834
sample,3,1,10,1000000,190083063,190.083063
case,4,1,packed-trsm+3x2+triangular+packed=4x4+uplo=U+diag=U,ok,partial,raw-tile,c-tile
sample,4,1,1,1000000,126076556,126.076556
sample,4,1,2,1000000,103785064,103.785064
sample,4,1,3,1000000,79734814,79.734814
sample,4,1,4,1000000,118846810,118.84681
sample,4,1,5,1000000,107782816,107.782816
sample,4,1,6,1000000,177215130,177.21513
sample,4,1,7,1000000,184373489,184.373489
sample,4,1,8,1000000,106411043,106.411043
sample,4,1,9,1000000,156447311,156.447311
sample,4,1,10,1000000,124293274,124.293274
case,5,1,gemm-trsm+4x4x32+triangular+packed=4x4+uplo=L+diag=N,ok,composed,raw-tile,c-tile
sample,5,1,1,662609,199939081,301.7451936209741
sample,5,1,2,662609,201485214,304.0785953707239
sample,5,1,3,662609,200753755,302.97468793813545
sample,5,1,4,662609,199096821,300.474066908237
sample,5,1,5,662609,274937543,414.9317968817206
sample,5,1,6,662609,186982396,282.1911504371356
sample,5,1,7,662609,189975001,286.7075469847225
sample,5,1,8,662609,204551212,308.70575558134584
sample,5,1,9,662609,209957833,316.8653504555477
sample,5,1,10,662609,195907190,295.66032154709643
case,6,1,gemm-trsm+3x2x31+triangular+packed=4x4+uplo=U+diag=U,ok,composed,raw-tile,c-tile
sample,6,1,1,606513,199947622,329.6674959976126
sample,6,1,2,606513,159633619,263.1990064516342
sample,6,1,3,606513,164667755,271.49913522051463
sample,6,1,4,606513,168358949,277.58506248011173
sample,6,1,5,606513,144344712,237.99112632375562
sample,6,1,6,606513,185482643,305.8180830419134
sample,6,1,7,606513,160482967,264.5993853388138
sample,6,1,8,606513,166040858,273.7630652599367
sample,6,1,9,606513,166735417,274.9082327996267
sample,6,1,10,606513,169051641,278.7271517675631
case,7,1,gemm-tile+8x4x32+uniform+packed=8x4,unsupported,unsupported,arithmetic,unavailable
case,8,1,gemm-tile+7x2x31+uniform+packed=8x4,unsupported,unsupported,arithmetic,unavailable
case,9,1,packed-trsm+8x4+triangular+packed=8x4+uplo=L+diag=N,unsupported,unsupported,arithmetic,unavailable
case,10,1,packed-trsm+7x2+triangular+packed=8x4+uplo=U+diag=U,unsupported,unsupported,arithmetic,unavailable
case,11,1,gemm-trsm+8x4x32+triangular+packed=8x4+uplo=L+diag=N,unsupported,unsupported,arithmetic,unavailable
case,12,1,gemm-trsm+7x2x31+triangular+packed=8x4+uplo=U+diag=U,unsupported,unsupported,arithmetic,unavailable
case,13,1,pack-left+4x32+uniform+packed=4x4,ok,unsupported,packing-only,portable-layout
sample,13,1,1,126737,203949503,1609.2341068511957
sample,13,1,2,126737,153935405,1214.6050877013026
sample,13,1,3,126737,204227815,1611.4300875040437
sample,13,1,4,126737,150262610,1185.6254290380868
sample,13,1,5,126737,158578868,1251.2436620718495
sample,13,1,6,126737,169340916,1336.1600479733622
sample,13,1,7,126737,81559498,643.5334432722883
sample,13,1,8,126737,100404087,792.223951963515
sample,13,1,9,126737,87272348,688.6098613664518
sample,13,1,10,126737,81407118,642.3311108831675
case,14,1,pack-left+3x31+uniform+packed=4x4,ok,unsupported,packing-only,portable-layout
sample,14,1,1,335530,233663503,696.4012249277263
sample,14,1,2,335530,383679966,1143.5042052871577
sample,14,1,3,335530,327562653,976.2544422257324
sample,14,1,4,335530,470974649,1403.673737072691
sample,14,1,5,335530,454421921,1354.3406580633625
sample,14,1,6,335530,541319244,1613.3259142252555
sample,14,1,7,335530,373349504,1112.7157154352815
sample,14,1,8,335530,373104440,1111.9853366315979
sample,14,1,9,335530,365227665,1088.5097159717461
sample,14,1,10,335530,243532479,725.8143206270677
case,15,1,pack-right+32x4+uniform+packed=4x4,ok,unsupported,packing-only,portable-layout
sample,15,1,1,212001,303304766,1430.676110018349
sample,15,1,2,212001,308003505,1452.8398686798648
sample,15,1,3,212001,314338481,1482.7216899920284
sample,15,1,4,212001,308359227,1454.5177947273833
sample,15,1,5,212001,307913419,1452.4149367219966
sample,15,1,6,212001,329566261,1554.550502120273
sample,15,1,7,212001,350132795,1651.561997349069
sample,15,1,8,212001,374038474,1764.3241022448008
sample,15,1,9,212001,263129216,1241.1696925957897
sample,15,1,10,212001,256732919,1210.9986226480064
case,16,1,pack-right+31x2+uniform+packed=4x4,ok,unsupported,packing-only,portable-layout
sample,16,1,1,188566,186188263,987.3904256334652
sample,16,1,2,188566,181175119,960.8048057444078
sample,16,1,3,188566,192116688,1018.8299481348705
sample,16,1,4,188566,181703335,963.6060318403106
sample,16,1,5,188566,216604144,1148.6914077829513
sample,16,1,6,188566,200554594,1063.5777075400656
sample,16,1,7,188566,171605538,910.0555667511641
sample,16,1,8,188566,170353310,903.4147725464824
sample,16,1,9,188566,209992074,1113.626390759734
sample,16,1,10,188566,182944570,970.1885281545984
case,17,1,pack-symmetric-left+4x4+uniform+packed=4x4+uplo=L,ok,unsupported,packing-only,portable-layout
sample,17,1,1,470323,189901629,403.7685356659147
sample,17,1,2,470323,151491520,322.10102418975896
sample,17,1,3,470323,155571135,330.77509498791255
sample,17,1,4,470323,138505265,294.48966986517775
sample,17,1,5,470323,137346710,292.02635210270387
sample,17,1,6,470323,134496646,285.9665506471085
sample,17,1,7,470323,163996370,348.6888159839089
sample,17,1,8,470323,160193519,340.6032003537994
sample,17,1,9,470323,176457451,375.18354620122767
sample,17,1,10,470323,110945213,235.8915319897177
case,18,1,pack-symmetric-right+4x4+uniform+packed=4x4+uplo=U,ok,unsupported,packing-only,portable-layout
sample,18,1,1,615932,193406610,314.0064325282661
sample,18,1,2,615932,181975577,295.44751206301993
sample,18,1,3,615932,222493393,361.23044914048955
sample,18,1,4,615932,233093644,378.4405486319918
sample,18,1,5,615932,239838504,389.3912055226876
sample,18,1,6,615932,359812279,584.1753294194814
sample,18,1,7,615932,332476492,539.7941526012612
sample,18,1,8,615932,287413741,466.6322597299702
sample,18,1,9,615932,201768617,327.58261788639004
sample,18,1,10,615932,224299748,364.16316736263093
case,19,1,pack-triangular-left+4x4+triangular+packed=4x4+uplo=L+diag=N,ok,unsupported,packing-only,portable-layout
sample,19,1,1,478739,208566890,435.6588663133774
sample,19,1,2,478739,202588812,423.17173240533987
sample,19,1,3,478739,123852641,258.7059775785971
sample,19,1,4,478739,104039510,217.31989664514484
sample,19,1,5,478739,108951444,227.5800467478104
sample,19,1,6,478739,114524052,239.22022646995543
sample,19,1,7,478739,178707391,373.2877225377502
sample,19,1,8,478739,182438907,381.0821909224024
sample,19,1,9,478739,116008857,242.3217180969171
sample,19,1,10,478739,101959704,212.97555452971244
case,20,1,pack-triangular-right+4x4+triangular+packed=4x4+uplo=U+diag=U,ok,unsupported,packing-only,portable-layout
sample,20,1,1,655555,124743889,190.28744956563523
sample,20,1,2,655555,124891272,190.51227128158584
sample,20,1,3,655555,118662839,181.0112637383591
sample,20,1,4,655555,169320323,258.2854573605571
sample,20,1,5,655555,165996126,253.21464408020685
sample,20,1,6,655555,140523115,214.35747572667435
sample,20,1,7,655555,246390754,375.85062122934005
sample,20,1,8,655555,219704778,335.1431657145472
sample,20,1,9,655555,221499553,337.8809604075936
sample,20,1,10,655555,218142157,332.759504541953
case,21,1,write-left+3x31+uniform+packed=4x4,ok,unsupported,layout-only,portable-layout
sample,21,1,1,568036,222954286,392.50027463048116
sample,21,1,2,568036,227096043,399.7916382060292
sample,21,1,3,568036,286504627,504.37758698392355
sample,21,1,4,568036,228546111,402.34441303016007
sample,21,1,5,568036,202627576,356.71608137512413
sample,21,1,6,568036,182763536,321.7463963551606
sample,21,1,7,568036,308312973,542.7701290059081
sample,21,1,8,568036,368123588,648.0638339823532
sample,21,1,9,568036,334572837,588.9993539141885
sample,21,1,10,568036,271975097,478.7990497081171
case,22,1,write-left+4x32+uniform+packed=4x4,ok,unsupported,layout-only,portable-layout
sample,22,1,1,462752,171186305,369.9309889530461
sample,22,1,2,462752,203697773,440.1877744450591
sample,22,1,3,462752,183756642,397.09529510407305
sample,22,1,4,462752,203426161,439.60082506396515
sample,22,1,5,462752,147918355,319.6493045951179
sample,22,1,6,462752,157354337,340.0403174918747
sample,22,1,7,462752,268719440,580.6986031394786
sample,22,1,8,462752,319670007,690.8019997752576
sample,22,1,9,462752,327886665,708.5580721423138
sample,22,1,10,462752,361988950,782.2525888596916
case,23,1,write-right+31x2+uniform+packed=4x4,ok,unsupported,layout-only,portable-layout
sample,23,1,1,477690,236055002,494.1593962611736
sample,23,1,2,477690,164638144,344.65478448366093
sample,23,1,3,477690,118888806,248.882760786284
sample,23,1,4,477690,156243231,327.08080763675184
sample,23,1,5,477690,217571637,455.4661747158199
sample,23,1,6,477690,235679401,493.3731101760556
sample,23,1,7,477690,193859439,405.8268730766815
sample,23,1,8,477690,187808742,393.1602964265528
sample,23,1,9,477690,199146415,416.89467018359187
sample,23,1,10,477690,216915063,454.0916975444326
case,24,1,write-right+32x4+uniform+packed=4x4,ok,unsupported,layout-only,portable-layout
sample,24,1,1,316893,116365961,367.2089979898578
sample,24,1,2,316893,155664068,491.2196482724453
sample,24,1,3,316893,202360235,638.5759073251854
sample,24,1,4,316893,173446194,547.3336236521476
sample,24,1,5,316893,177374928,559.731291003588
sample,24,1,6,316893,140247152,442.5694224864544
sample,24,1,7,316893,117609506,371.1331774447526
sample,24,1,8,316893,120796551,381.19034185040374
sample,24,1,9,316893,115997360,366.04582619369944
sample,24,1,10,316893,119559872,377.28782901484095
case,25,1,clear-left-padding+3x31+uniform+packed=4x4,ok,unsupported,layout-only,portable-layout
sample,25,1,1,491806,209468252,425.9164223291298
sample,25,1,2,491806,219449979,446.212488257565
sample,25,1,3,491806,206927142,420.74952725261585
sample,25,1,4,491806,155042403,315.2511417103492
sample,25,1,5,491806,159420818,324.1538696152548
sample,25,1,6,491806,205469655,417.7859867508733
sample,25,1,7,491806,261921900,532.5715831039068
sample,25,1,8,491806,262967072,534.6967544112922
sample,25,1,9,491806,279360977,568.0308434626662
sample,25,1,10,491806,213218253,433.54138217101865
case,26,1,clear-left-padding+4x32+uniform+packed=4x4,ok,unsupported,layout-only,portable-layout
sample,26,1,1,1000000,153176854,153.176854
sample,26,1,2,1000000,138045734,138.045734
sample,26,1,3,1000000,115295750,115.29575
sample,26,1,4,1000000,113334090,113.33409
sample,26,1,5,1000000,90236160,90.23616
sample,26,1,6,1000000,92792797,92.792797
sample,26,1,7,1000000,80911198,80.911198
sample,26,1,8,1000000,127579236,127.579236
sample,26,1,9,1000000,141117272,141.117272
sample,26,1,10,1000000,137859415,137.859415
case,27,1,clear-right-padding+31x2+uniform+packed=4x4,ok,unsupported,layout-only,portable-layout
sample,27,1,1,367619,209430804,569.6952660227029
sample,27,1,2,367619,225536298,613.5055533038282
sample,27,1,3,367619,218202786,593.5568781809428
sample,27,1,4,367619,169604703,461.36000315544084
sample,27,1,5,367619,129958593,353.51435317543434
sample,27,1,6,367619,127009975,345.4935000639249
sample,27,1,7,367619,134093439,364.761992715284
sample,27,1,8,367619,127350828,346.42069098713614
sample,27,1,9,367619,156060201,424.51614579224685
sample,27,1,10,367619,158672106,431.62106964003493
case,28,1,clear-right-padding+32x4+uniform+packed=4x4,ok,unsupported,layout-only,portable-layout
sample,28,1,1,1000000,138242621,138.242621
sample,28,1,2,1000000,109934573,109.934573
sample,28,1,3,1000000,99389783,99.389783
sample,28,1,4,1000000,161846276,161.846276
sample,28,1,5,1000000,171996940,171.99694
sample,28,1,6,1000000,119162442,119.162442
sample,28,1,7,1000000,119646981,119.646981
sample,28,1,8,1000000,103263361,103.263361
sample,28,1,9,1000000,139940825,139.940825
sample,28,1,10,1000000,135224145,135.224145
case,29,1,pack-left+7x31+uniform+packed=8x4,unsupported,unsupported,arithmetic,unavailable
case,30,1,pack-left+8x32+uniform+packed=8x4,unsupported,unsupported,arithmetic,unavailable
case,31,1,pack-right+31x2+uniform+packed=8x4,unsupported,unsupported,arithmetic,unavailable
case,32,1,pack-right+32x4+uniform+packed=8x4,unsupported,unsupported,arithmetic,unavailable
case,33,1,pack-symmetric-left+8x8+uniform+packed=8x4+uplo=L,unsupported,unsupported,arithmetic,unavailable
case,34,1,pack-symmetric-right+4x4+uniform+packed=8x4+uplo=U,unsupported,unsupported,arithmetic,unavailable
case,35,1,pack-triangular-left+8x8+triangular+packed=8x4+uplo=L+diag=N,unsupported,unsupported,arithmetic,unavailable
case,36,1,pack-triangular-right+4x4+triangular+packed=8x4+uplo=U+diag=U,unsupported,unsupported,arithmetic,unavailable
case,37,1,write-left+7x31+uniform+packed=8x4,unsupported,unsupported,arithmetic,unavailable
case,38,1,write-left+8x32+uniform+packed=8x4,unsupported,unsupported,arithmetic,unavailable
case,39,1,write-right+31x2+uniform+packed=8x4,unsupported,unsupported,arithmetic,unavailable
case,40,1,write-right+32x4+uniform+packed=8x4,unsupported,unsupported,arithmetic,unavailable
case,41,1,clear-left-padding+7x31+uniform+packed=8x4,unsupported,unsupported,arithmetic,unavailable
case,42,1,clear-left-padding+8x32+uniform+packed=8x4,unsupported,unsupported,arithmetic,unavailable
case,43,1,clear-right-padding+31x2+uniform+packed=8x4,unsupported,unsupported,arithmetic,unavailable
case,44,1,clear-right-padding+32x4+uniform+packed=8x4,unsupported,unsupported,arithmetic,unavailable
case,45,1,gemm-block+15x7x31+uniform+packed=4x4+timing=prepacked-compute,ok,direct,prepacked-compute,c-tile
sample,45,1,1,91756,223518474,2436.0093508871355
sample,45,1,2,91756,198282420,2160.9749771132133
sample,45,1,3,91756,276010726,3008.0945769214004
sample,45,1,4,91756,310634774,3385.4437203016696
sample,45,1,5,91756,275240027,2999.695137102751
sample,45,1,6,91756,308231499,3359.2517001612973
sample,45,1,7,91756,262365260,2859.37987706526
sample,45,1,8,91756,271595748,2959.9780722786522
sample,45,1,9,91756,250410218,2729.088212215005
sample,45,1,10,91756,316417981,3448.4718274554252
case,46,1,gemm-block+15x7x31+uniform+packed=4x4+timing=pack-plus-compute,ok,direct,pack-plus-compute,c-tile
sample,46,1,1,27079,133932991,4946.009490749289
sample,46,1,2,27079,166898758,6163.401824291886
sample,46,1,3,27079,128158975,4732.780937257654
sample,46,1,4,27079,140735139,5197.205916023487
sample,46,1,5,27079,142632542,5267.275084013442
sample,46,1,6,27079,177468978,6553.749326046013
sample,46,1,7,27079,154750938,5714.795154917095
sample,46,1,8,27079,176494756,6517.772295875032
sample,46,1,9,27079,159480047,5889.436352893386
sample,46,1,10,27079,167013431,6167.636581853097
case,47,1,gemm-block+32x16x65+uniform+packed=4x4+timing=prepacked-compute,ok,direct,prepacked-compute,c-tile
sample,47,1,1,14502,216079997,14900.013584333195
sample,47,1,2,14502,199404390,13750.13032685147
sample,47,1,3,14502,195324667,13468.808922907185
sample,47,1,4,14502,192052069,13243.14363536064
sample,47,1,5,14502,178599963,12315.540132395532
sample,47,1,6,14502,183254525,12636.500137912011
sample,47,1,7,14502,187468268,12927.063025789546
sample,47,1,8,14502,201121299,13868.521514273893
sample,47,1,9,14502,189138279,13042.220314439388
sample,47,1,10,14502,178221987,12289.476417045924
case,48,1,gemm-block+32x16x65+uniform+packed=4x4+timing=pack-plus-compute,ok,direct,pack-plus-compute,c-tile
sample,48,1,1,9512,206124597,21669.95342724979
sample,48,1,2,9512,244289777,25682.272603027755
sample,48,1,3,9512,282765278,29727.215937762827
sample,48,1,4,9512,425087061,44689.5564550042
sample,48,1,5,9512,376030659,39532.23917157275
sample,48,1,6,9512,265413487,27903.01587468461
sample,48,1,7,9512,218219763,22941.522603027755
sample,48,1,8,9512,217483077,22864.074537426408
sample,48,1,9,9512,205551143,21609.666000841044
sample,48,1,10,9512,203992019,21445.754730866272
case,49,1,gemm-block+15x7x31+uniform+packed=8x4+timing=prepacked-compute,unsupported,unsupported,arithmetic,unavailable
case,50,1,gemm-block+15x7x31+uniform+packed=8x4+timing=pack-plus-compute,unsupported,unsupported,arithmetic,unavailable
case,51,1,gemm-block+32x16x65+uniform+packed=8x4+timing=prepacked-compute,unsupported,unsupported,arithmetic,unavailable
case,52,1,gemm-block+32x16x65+uniform+packed=8x4+timing=pack-plus-compute,unsupported,unsupported,arithmetic,unavailable
case,53,1,gemm-block+64x64x31+uniform+packed=4x4+timing=prepacked-compute,ok,direct,prepacked-compute,c-tile
sample,53,1,1,2686,304090544,113213.15860014892
sample,53,1,2,2686,294905428,109793.53239017125
sample,53,1,3,2686,291593073,108560.3399106478
sample,53,1,4,2686,247721586,92226.9493670886
sample,53,1,5,2686,232797695,86670.77252419955
sample,53,1,6,2686,212178485,78994.22375279226
sample,53,1,7,2686,247984276,92324.74906924795
sample,53,1,8,2686,286258787,106574.3808637379
sample,53,1,9,2686,314458965,117073.33023082651
sample,53,1,10,2686,309539064,115241.64705882352
case,54,1,gemm-block+64x64x31+uniform+packed=4x4+timing=pack-plus-compute,ok,direct,pack-plus-compute,c-tile
sample,54,1,1,1279,207360284,162126.8835027365
sample,54,1,2,1279,180618562,141218.57857701328
sample,54,1,3,1279,228951684,179008.35340109462
sample,54,1,4,1279,214504260,167712.4784988272
sample,54,1,5,1279,205776409,160888.51368256452
sample,54,1,6,1279,208976757,163390.74042220484
sample,54,1,7,1279,212481560,166131.00860046913
sample,54,1,8,1279,172017041,134493.3862392494
sample,54,1,9,1279,163536764,127862.98983580923
sample,54,1,10,1279,197765582,154625.16184519156
case,55,1,gemm-block+64x64x31+uniform+packed=8x4+timing=prepacked-compute,unsupported,unsupported,arithmetic,unavailable
case,56,1,gemm-block+64x64x31+uniform+packed=8x4+timing=pack-plus-compute,unsupported,unsupported,arithmetic,unavailable
case,57,1,gemm-block+64x64x32+uniform+packed=4x4+timing=prepacked-compute,ok,direct,prepacked-compute,c-tile
sample,57,1,1,1146,106381180,92828.25479930193
sample,57,1,2,1146,112545159,98206.94502617801
sample,57,1,3,1146,120505191,105152.87172774869
sample,57,1,4,1146,107008741,93375.8647469459
sample,57,1,5,1146,110204537,96164.51745200698
sample,57,1,6,1146,171440134,149598.7207678883
sample,57,1,7,1146,152336315,132928.72164048866
sample,57,1,8,1146,161802832,141189.20767888307
sample,57,1,9,1146,128801486,112392.22164048866
sample,57,1,10,1146,148385630,129481.35253054101
case,58,1,gemm-block+64x64x32+uniform+packed=4x4+timing=pack-plus-compute,ok,direct,pack-plus-compute,c-tile
sample,58,1,1,1578,262990207,166660.46070975918
sample,58,1,2,1578,246592009,156268.7002534854
sample,58,1,3,1578,289157549,183243.06020278833
sample,58,1,4,1578,267180260,169315.75411913815
sample,58,1,5,1578,150893740,95623.40937896071
sample,58,1,6,1578,157973921,100110.21609632447
sample,58,1,7,1578,147966902,93768.63244613435
sample,58,1,8,1578,147646022,93565.28643852979
sample,58,1,9,1578,140982603,89342.58745247149
sample,58,1,10,1578,137603720,87201.34347275032
case,59,1,gemm-block+64x64x32+uniform+packed=8x4+timing=prepacked-compute,unsupported,unsupported,arithmetic,unavailable
case,60,1,gemm-block+64x64x32+uniform+packed=8x4+timing=pack-plus-compute,unsupported,unsupported,arithmetic,unavailable
case,61,1,gemm-block+64x64x33+uniform+packed=4x4+timing=prepacked-compute,ok,direct,prepacked-compute,c-tile
sample,61,1,1,2667,337515003,126552.30708661418
sample,61,1,2,2667,429083351,160886.1458567679
sample,61,1,3,2667,440749462,165260.39070116237
sample,61,1,4,2667,470237057,176316.856767904
sample,61,1,5,2667,427786336,160399.82602174729
sample,61,1,6,2667,429547403,161060.14360704913
sample,61,1,7,2667,412373815,154620.8530183727
sample,61,1,8,2667,379529082,142305.61754780653
sample,61,1,9,2667,424084805,159011.92538432695
sample,61,1,10,2667,413972392,155220.24446944133
case,62,1,gemm-block+64x64x33+uniform+packed=4x4+timing=pack-plus-compute,ok,direct,pack-plus-compute,c-tile
sample,62,1,1,2644,262771348,99384.01966717096
sample,62,1,2,2644,266839413,100922.6221633888
sample,62,1,3,2644,236525301,89457.37556732223
sample,62,1,4,2644,222592077,84187.62367624811
sample,62,1,5,2644,211122565,79849.68419062028
sample,62,1,6,2644,221282070,83692.15960665658
sample,62,1,7,2644,245600313,92889.67965204237
sample,62,1,8,2644,222369567,84103.46709531013
sample,62,1,9,2644,238121766,90061.18229954614
sample,62,1,10,2644,241747971,91432.66679273828
case,63,1,gemm-block+64x64x33+uniform+packed=8x4+timing=prepacked-compute,unsupported,unsupported,arithmetic,unavailable
case,64,1,gemm-block+64x64x33+uniform+packed=8x4+timing=pack-plus-compute,unsupported,unsupported,arithmetic,unavailable
case,65,1,gemm-block+64x64x63+uniform+packed=4x4+timing=prepacked-compute,ok,direct,prepacked-compute,c-tile
sample,65,1,1,2079,184031633,88519.30399230399
sample,65,1,2,2079,188068449,90461.01443001443
sample,65,1,3,2079,182195050,87635.90668590668
sample,65,1,4,2079,178793218,85999.62385762385
sample,65,1,5,2079,173811341,83603.33862433862
sample,65,1,6,2079,158915172,76438.27417027418
sample,65,1,7,2079,159824236,76875.5343915344
sample,65,1,8,2079,153280273,73727.88504088504
sample,65,1,9,2079,158363015,76172.6863876864
sample,65,1,10,2079,160161425,77037.72246272246
case,66,1,gemm-block+64x64x63+uniform+packed=4x4+timing=pack-plus-compute,ok,direct,pack-plus-compute,c-tile
sample,66,1,1,1418,171505009,120948.52538787024
sample,66,1,2,1418,153455921,108219.9724964739
sample,66,1,3,1418,160341731,113075.97390691114
sample,66,1,4,1418,151996622,107190.84767277856
sample,66,1,5,1418,134825866,95081.71086036671
sample,66,1,6,1418,137573206,97019.18617771509
sample,66,1,7,1418,161128623,113630.9047954866
sample,66,1,8,1418,154793471,109163.23765867419
sample,66,1,9,1418,150518598,106148.51763046545
sample,66,1,10,1418,154228125,108764.54513399153
case,67,1,gemm-block+64x64x63+uniform+packed=8x4+timing=prepacked-compute,unsupported,unsupported,arithmetic,unavailable
case,68,1,gemm-block+64x64x63+uniform+packed=8x4+timing=pack-plus-compute,unsupported,unsupported,arithmetic,unavailable
case,69,1,gemm-block+64x64x64+uniform+packed=4x4+timing=prepacked-compute,ok,direct,prepacked-compute,c-tile
sample,69,1,1,2119,231084639,109053.62859839547
sample,69,1,2,2119,189944590,89638.78716375648
sample,69,1,3,2119,169608029,80041.54270882491
sample,69,1,4,2119,176738180,83406.4086833412
sample,69,1,5,2119,168290234,79419.64794714488
sample,69,1,6,2119,170453400,80440.49079754601
sample,69,1,7,2119,169490113,79985.89570552147
sample,69,1,8,2119,175802340,82964.76639924492
sample,69,1,9,2119,168614351,79572.60547428032
sample,69,1,10,2119,163622372,77216.78716375648
case,70,1,gemm-block+64x64x64+uniform+packed=4x4+timing=pack-plus-compute,ok,direct,pack-plus-compute,c-tile
sample,70,1,1,1570,221072837,140810.72420382165
sample,70,1,2,1570,195353337,124428.8770700637
sample,70,1,3,1570,180193114,114772.68407643313
sample,70,1,4,1570,187560147,119465.0617834395
sample,70,1,5,1570,186574117,118837.01719745222
sample,70,1,6,1570,185839676,118369.2203821656
sample,70,1,7,1570,200163158,127492.45732484077
sample,70,1,8,1570,199394279,127002.725477707
sample,70,1,9,1570,196710531,125293.33184713376
sample,70,1,10,1570,193353385,123155.02229299363
case,71,1,gemm-block+64x64x64+uniform+packed=8x4+timing=prepacked-compute,unsupported,unsupported,arithmetic,unavailable
case,72,1,gemm-block+64x64x64+uniform+packed=8x4+timing=pack-plus-compute,unsupported,unsupported,arithmetic,unavailable
case,73,1,gemm-block+64x64x65+uniform+packed=4x4+timing=prepacked-compute,ok,direct,prepacked-compute,c-tile
sample,73,1,1,2327,188493572,81002.8242372153
sample,73,1,2,2327,167618360,72031.95530726257
sample,73,1,3,2327,188839629,81151.5380318006
sample,73,1,4,2327,228536465,98210.77137945853
sample,73,1,5,2327,251709500,108169.1018478728
sample,73,1,6,2327,256081848,110048.06532015471
sample,73,1,7,2327,233144544,100191.0373871938
sample,73,1,8,2327,221095887,95013.2733132789
sample,73,1,9,2327,190538712,81881.69832402235
sample,73,1,10,2327,214685140,92258.33261710357
case,74,1,gemm-block+64x64x65+uniform+packed=4x4+timing=pack-plus-compute,ok,direct,pack-plus-compute,c-tile
sample,74,1,1,1803,182331860,101126.9328896284
sample,74,1,2,1803,206494275,114528.16139767056
sample,74,1,3,1803,204084589,113191.67443150305
sample,74,1,4,1803,183635642,101850.05102606767
sample,74,1,5,1803,208390035,115579.60898502496
sample,74,1,6,1803,215131642,119318.71436494731
sample,74,1,7,1803,220187252,122122.71325568497
sample,74,1,8,1803,233913837,129735.90515806989
sample,74,1,9,1803,225735029,125199.68330560178
sample,74,1,10,1803,187170410,103810.54353854687
case,75,1,gemm-block+64x64x65+uniform+packed=8x4+timing=prepacked-compute,unsupported,unsupported,arithmetic,unavailable
case,76,1,gemm-block+64x64x65+uniform+packed=8x4+timing=pack-plus-compute,unsupported,unsupported,arithmetic,unavailable
case,77,1,gemm-block+128x128x64+uniform+packed=4x4+timing=prepacked-compute,ok,direct,prepacked-compute,c-tile
sample,77,1,1,649,191714573,295399.9583975347
sample,77,1,2,649,238342076,367245.1093990755
sample,77,1,3,649,372132460,573393.6209553159
sample,77,1,4,649,237755538,366341.3528505393
sample,77,1,5,649,218100420,336056.11710323574
sample,77,1,6,649,182264233,280838.57164869027
sample,77,1,7,649,180746819,278500.4915254237
sample,77,1,8,649,187025367,288174.6795069337
sample,77,1,9,649,189393973,291824.3035439137
sample,77,1,10,649,182414080,281069.4607087827
case,78,1,gemm-block+128x128x64+uniform+packed=4x4+timing=pack-plus-compute,ok,direct,pack-plus-compute,c-tile
sample,78,1,1,495,210060238,424364.11717171717
sample,78,1,2,495,167331580,338043.595959596
sample,78,1,3,495,159904778,323039.9555555555
sample,78,1,4,495,164750844,332829.98787878786
sample,78,1,5,495,162018250,327309.595959596
sample,78,1,6,495,158557005,320317.1818181818
sample,78,1,7,495,159896684,323023.604040404
sample,78,1,8,495,169182932,341783.701010101
sample,78,1,9,495,162420160,328121.5353535354
sample,78,1,10,495,163967529,331247.5333333333
case,79,1,gemm-block+128x128x64+uniform+packed=8x4+timing=prepacked-compute,unsupported,unsupported,arithmetic,unavailable
case,80,1,gemm-block+128x128x64+uniform+packed=8x4+timing=pack-plus-compute,unsupported,unsupported,arithmetic,unavailable
case,81,1,gemm-block+128x8x64+uniform+packed=4x4+timing=prepacked-compute,ok,direct,prepacked-compute,c-tile
sample,81,1,1,11121,261708729,23532.841381170758
sample,81,1,2,11121,253204136,22768.10862332524
sample,81,1,3,11121,214159016,19257.172556424783
sample,81,1,4,11121,195583011,17586.818721338008
sample,81,1,5,11121,198033407,17807.158259149357
sample,81,1,6,11121,190469743,17127.033809909182
sample,81,1,7,11121,192715220,17328.94703713695
sample,81,1,8,11121,191173215,17190.289991907204
sample,81,1,9,11121,203638979,18311.211132092438
sample,81,1,10,11121,195562202,17584.947576656774
case,82,1,gemm-block+128x8x64+uniform+packed=4x4+timing=pack-plus-compute,ok,direct,pack-plus-compute,c-tile
sample,82,1,1,5264,209243482,39749.90159574468
sample,82,1,2,5264,248597836,47226.03267477204
sample,82,1,3,5264,276184282,52466.61892097264
sample,82,1,4,5264,270267597,51342.62860942249
sample,82,1,5,5264,252779861,48020.49031155015
sample,82,1,6,5264,211887650,40252.213145896654
sample,82,1,7,5264,204463835,38841.913943768996
sample,82,1,8,5264,221331839,42046.32199848024
sample,82,1,9,5264,208132984,39538.940729483285
sample,82,1,10,5264,210527799,39993.8827887538
case,83,1,gemm-block+128x8x64+uniform+packed=8x4+timing=prepacked-compute,unsupported,unsupported,arithmetic,unavailable
case,84,1,gemm-block+128x8x64+uniform+packed=8x4+timing=pack-plus-compute,unsupported,unsupported,arithmetic,unavailable
