case,status,comparison_kind,timing_mode,actual_kernel,samples,forks,median_ns,min_ns,max_ns
dot+4096+uniform,ok,direct,arithmetic,policy,20,2,732.3470669179045,652.3622932328376,768.044195650672
axpy+4096+uniform,ok,direct,reset-and-arithmetic,policy,20,2,1917.5738662299116,1879.5842740950843,1955.418479216744
axpy-arithmetic+4096+uniform,ok,direct,reset-and-arithmetic,policy,20,2,1905.2644635403894,1875.8571361612373,1935.8293895714423
scal+4096+uniform,ok,direct,reset-and-arithmetic,policy,20,2,1230.1029951270539,1227.2700453254663,1233.6479146758732
nrm2+4096+uniform,ok,direct,arithmetic,policy,20,2,537.9050183223826,537.7335044204982,538.3353275533234
asum+4096+uniform,ok,direct,arithmetic,policy,20,2,531.5569548207804,531.4296281938607,531.7837052076579
sum+4096+uniform,ok,direct,arithmetic,policy,20,2,314.9940851834668,300.59213080080036,329.06647334704326
compensated-sum+4096+uniform,ok,unsupported,arithmetic,policy,20,2,4918.022111197751,4916.111266705975,5006.814241562616
iamax+64+uniform,ok,direct,arithmetic,policy,20,2,28.152458697286825,27.97961018852955,28.291315258496113
iamax+128+uniform,ok,direct,arithmetic,policy,20,2,52.84067888908763,52.75780022943829,53.160053534918184
iamax+256+uniform,ok,direct,arithmetic,policy,20,2,86.516098697556,83.4390081175174,89.05135102183208
iamax+512+uniform,ok,direct,arithmetic,policy,20,2,203.77564655906468,198.80141765059432,213.12484730885518
iamax+1024+uniform,ok,direct,arithmetic,policy,20,2,278.5592299457217,275.23507962074746,282.0815269072605
iamax+4096+uniform,ok,direct,arithmetic,policy,20,2,732.9532951895545,728.8240731982391,745.5767271860178
iamax+65536+uniform,ok,direct,arithmetic,policy,20,2,13647.953263106661,13585.238676430703,13737.001166861144
swap+4096+uniform,ok,direct,reset-and-arithmetic,policy,20,2,2763.759729267107,2752.0822708287537,2776.8550971985183
rot+4096+uniform,ok,direct,reset-and-arithmetic,policy,20,2,5202.378449425476,5183.5945392845115,5220.363120050021
rotm+4096+uniform,ok,direct,reset-and-arithmetic,policy,20,2,3348.748036796219,3299.4509274206835,3400.687646519213
rotmg+1+uniform,ok,direct,arithmetic,policy,20,2,10.845767986723306,10.792561477970555,11.20086643112547
ssqd+4096+uniform,ok,unsupported,arithmetic,policy,20,2,958.0801481627152,942.6182106820173,966.2024287783679
dot4+4096+uniform,ok,composed,arithmetic,policy,20,2,3191.00999773115,2635.0334531379594,3729.586786093369
axpy4+4096+uniform,ok,composed,reset-and-arithmetic,policy,20,2,4258.543916488236,3944.1379317134642,4618.02225656165
dot-axpy+4096+uniform,ok,composed,reset-and-arithmetic,policy,20,2,3033.7537972700784,2988.7803709727964,3077.86359860953
gemv+32x21+uniform,ok,direct,reset-and-arithmetic,policy,20,2,129.41518963604108,127.63270878364287,130.18952514811275
gemv+129x31+uniform+transA=T,ok,direct,reset-and-arithmetic,policy,20,2,1124.5485965448765,1083.0941980741438,1177.6912034748216
symv+129+uniform+uplo=U,ok,direct,reset-and-arithmetic,policy,20,2,5249.988357751583,5224.507374246261,5278.635438096745
ger+129x31+uniform,ok,direct,reset-and-arithmetic,policy,20,2,1495.97383260325,1492.8393899411856,1497.8320957528033
syr+129+uniform+uplo=L,ok,direct,reset-and-arithmetic,policy,20,2,5293.09618146462,5291.710077478383,5297.137755777325
syr2+129+uniform+uplo=U,ok,direct,reset-and-arithmetic,policy,20,2,7358.410176932948,7255.232406366702,7461.307904548844
trsv+129+triangular+uplo=L+transA=N+diag=N,ok,direct,reset-and-arithmetic,policy,20,2,3173.4991424519685,3156.846695062313,3189.63188599847
trmv+129+triangular+uplo=U+transA=T+diag=U,ok,direct,reset-and-arithmetic,policy,20,2,2295.6597284591744,2293.6643015165237,2299.7053776532207
gemm+32x21x48+uniform,ok,direct,reset-and-arithmetic,policy,20,2,7557.350478500588,7506.279015680096,7565.08529122913
gemm+129x31x257+uniform+transA=T,ok,direct,reset-and-arithmetic,policy,20,2,159258.07950420538,158605.48890649763,161261.31400966184
gemm+65x127x33+uniform+transB=T,ok,direct,reset-and-arithmetic,policy,20,2,45939.32943952244,45572.361193350036,46288.031452358926
symm+129x31+uniform+side=L+uplo=L,ok,direct,reset-and-arithmetic,policy,20,2,84834.16638406104,84648.5076142132,85007.24320882853
symm+31x129+uniform+side=R+uplo=U,ok,direct,reset-and-arithmetic,policy,20,2,86929.53603599526,86456.22980561556,87185.8175087108
gemmt+129x31+uniform+uplo=L+transA=N+transB=N,ok,direct,reset-and-arithmetic,policy,20,2,139317.57853030818,139252.53546592488,139403.89972144846
syrk+129x31+uniform+uplo=L+transA=N,ok,direct,reset-and-arithmetic,policy,20,2,54290.030855825535,54145.041666666664,54578.28906463049
syr2k+129x31+uniform+uplo=U+transA=T,ok,direct,reset-and-arithmetic,policy,20,2,108932.46814439303,108534.24132321042,109195.26281352235
trsm+64x16+triangular+side=L+uplo=L+transA=N+diag=N,ok,direct,reset-and-arithmetic,policy,20,2,16992.103234129827,16913.251352265044,17090.64201537148
trsm+17x64+triangular+side=R+uplo=U+transA=T+diag=U,ok,direct,reset-and-arithmetic,policy,20,2,16200.662511453653,16153.818842334706,16270.61395235385
trmm+64x16+triangular+side=L+uplo=U+transA=T+diag=N,ok,direct,reset-and-arithmetic,policy,20,2,12068.291149061217,11603.251710541575,12808.365655401945
trmm+17x64+triangular+side=R+uplo=L+transA=N+diag=U,ok,direct,reset-and-arithmetic,policy,20,2,16558.515522248555,16493.123217670814,16578.09344710463
gemm-tile+4x4x32+uniform+packed=4x4,unsupported,unsupported,arithmetic,unavailable,0,0,,,
gemm-tile+3x2x31+uniform+packed=4x4,unsupported,unsupported,arithmetic,unavailable,0,0,,,
packed-trsm+4x4+triangular+packed=4x4+uplo=L+diag=N,unsupported,unsupported,arithmetic,unavailable,0,0,,,
packed-trsm+3x2+triangular+packed=4x4+uplo=U+diag=U,unsupported,unsupported,arithmetic,unavailable,0,0,,,
gemm-trsm+4x4x32+triangular+packed=4x4+uplo=L+diag=N,unsupported,unsupported,arithmetic,unavailable,0,0,,,
gemm-trsm+3x2x31+triangular+packed=4x4+uplo=U+diag=U,unsupported,unsupported,arithmetic,unavailable,0,0,,,
gemm-tile+8x4x32+uniform+packed=8x4,ok,partial,raw-tile,vector-tile,20,2,103.54640823700356,101.2809707324579,107.23430850450947
gemm-tile+7x2x31+uniform+packed=8x4,ok,partial,raw-tile,vector-tile,20,2,102.81865973075071,100.25028933648505,108.66602856522212
packed-trsm+8x4+triangular+packed=8x4+uplo=L+diag=N,ok,partial,raw-tile,portable-solve,20,2,74.9971059769656,74.71853516149378,75.28376570923557
packed-trsm+7x2+triangular+packed=8x4+uplo=U+diag=U,ok,partial,raw-tile,portable-solve,20,2,21.71524843818068,21.418325931648482,21.965844529549262
gemm-trsm+8x4x32+triangular+packed=8x4+uplo=L+diag=N,ok,composed,raw-tile,vector-update-portable-solve,20,2,226.90238800522167,225.58651976230445,227.9052574910683
gemm-trsm+7x2x31+triangular+packed=8x4+uplo=U+diag=U,ok,composed,raw-tile,vector-update-portable-solve,20,2,100.30792526157022,99.82589082211088,100.75920115989891
pack-left+4x32+uniform+packed=4x4,unsupported,unsupported,arithmetic,unavailable,0,0,,,
pack-left+3x31+uniform+packed=4x4,unsupported,unsupported,arithmetic,unavailable,0,0,,,
pack-right+32x4+uniform+packed=4x4,unsupported,unsupported,arithmetic,unavailable,0,0,,,
pack-right+31x2+uniform+packed=4x4,unsupported,unsupported,arithmetic,unavailable,0,0,,,
pack-symmetric-left+4x4+uniform+packed=4x4+uplo=L,unsupported,unsupported,arithmetic,unavailable,0,0,,,
pack-symmetric-right+4x4+uniform+packed=4x4+uplo=U,unsupported,unsupported,arithmetic,unavailable,0,0,,,
pack-triangular-left+4x4+triangular+packed=4x4+uplo=L+diag=N,unsupported,unsupported,arithmetic,unavailable,0,0,,,
pack-triangular-right+4x4+triangular+packed=4x4+uplo=U+diag=U,unsupported,unsupported,arithmetic,unavailable,0,0,,,
write-left+3x31+uniform+packed=4x4,unsupported,unsupported,arithmetic,unavailable,0,0,,,
write-left+4x32+uniform+packed=4x4,unsupported,unsupported,arithmetic,unavailable,0,0,,,
write-right+31x2+uniform+packed=4x4,unsupported,unsupported,arithmetic,unavailable,0,0,,,
write-right+32x4+uniform+packed=4x4,unsupported,unsupported,arithmetic,unavailable,0,0,,,
clear-left-padding+3x31+uniform+packed=4x4,unsupported,unsupported,arithmetic,unavailable,0,0,,,
clear-left-padding+4x32+uniform+packed=4x4,unsupported,unsupported,arithmetic,unavailable,0,0,,,
clear-right-padding+31x2+uniform+packed=4x4,unsupported,unsupported,arithmetic,unavailable,0,0,,,
clear-right-padding+32x4+uniform+packed=4x4,unsupported,unsupported,arithmetic,unavailable,0,0,,,
pack-left+7x31+uniform+packed=8x4,ok,unsupported,packing-only,portable-layout,20,2,248.83485611684455,248.32428501399258,249.35477720579163
pack-left+8x32+uniform+packed=8x4,ok,unsupported,packing-only,portable-layout,20,2,235.47546469782924,235.16653920749766,235.8458194515784
pack-right+31x2+uniform+packed=8x4,ok,unsupported,packing-only,portable-layout,20,2,217.01844351435028,215.58475718479812,219.31301335180504
pack-right+32x4+uniform+packed=8x4,ok,unsupported,packing-only,portable-layout,20,2,188.34926540223924,187.29387886139597,188.70950280182046
pack-symmetric-left+8x8+uniform+packed=8x4+uplo=L,ok,unsupported,packing-only,portable-layout,20,2,94.61519424223061,94.25483646092395,94.82172065215691
pack-symmetric-right+4x4+uniform+packed=8x4+uplo=U,ok,unsupported,packing-only,portable-layout,20,2,44.081959271895286,43.98958658514387,44.17277143516275
pack-triangular-left+8x8+triangular+packed=8x4+uplo=L+diag=N,ok,unsupported,packing-only,portable-layout,20,2,94.45172092098963,93.45267930992772,96.34243498516334
pack-triangular-right+4x4+triangular+packed=8x4+uplo=U+diag=U,ok,unsupported,packing-only,portable-layout,20,2,41.4653773706048,41.20275965365031,41.813442137682834
write-left+7x31+uniform+packed=8x4,ok,unsupported,layout-only,portable-layout,20,2,127.67073972798337,127.22872568038338,133.79102900222867
write-left+8x32+uniform+packed=8x4,ok,unsupported,layout-only,portable-layout,20,2,153.43357656823108,152.99319954648354,159.47106392101264
write-right+31x2+uniform+packed=8x4,ok,unsupported,layout-only,portable-layout,20,2,113.77790024859206,113.03822699158113,114.2346153407015
write-right+32x4+uniform+packed=8x4,ok,unsupported,layout-only,portable-layout,20,2,153.4954600322831,152.76599830051816,154.6914212161974
clear-left-padding+7x31+uniform+packed=8x4,ok,unsupported,layout-only,portable-layout,20,2,87.78762685868693,87.73435247382359,87.83195246585359
clear-left-padding+8x32+uniform+packed=8x4,ok,unsupported,layout-only,portable-layout,20,2,11.90321511917694,11.873359846451615,11.97431994772143
clear-right-padding+31x2+uniform+packed=8x4,ok,unsupported,layout-only,portable-layout,20,2,101.7403555830472,100.83768982868489,106.87549452398311
clear-right-padding+32x4+uniform+packed=8x4,ok,unsupported,layout-only,portable-layout,20,2,11.988876536259973,11.892392224060723,12.027790535545545
spdot+4096+sparse-uniform+density=0.01,ok,direct,arithmetic,policy,20,2,30.155271647557367,30.104667624726858,30.18137803960915
spdot-raw+64+sparse-uniform+density=0.125,ok,unsupported,arithmetic,policy,20,2,14.97205701693192,14.837685837945596,15.040639377967201
spdot-raw+4096+sparse-uniform+density=0.0625,ok,unsupported,arithmetic,policy,20,2,263.1777593248873,260.825173293562,265.0027003260521
spdot-raw+65536+sparse-uniform+density=0.015625,ok,unsupported,arithmetic,policy,20,2,1084.3484857042667,1074.345562219132,1092.8699324601012
spdot-raw+262144+sparse-uniform+density=0.03125,ok,unsupported,arithmetic,policy,20,2,10211.312677893264,9648.970827908772,14419.215057636888
spdot-sparse+4096+sparse-uniform+density=0.01,ok,unsupported,arithmetic,policy,20,2,96.98445484442836,95.44229269467704,97.5643023542685
spaxpy+4096+sparse-uniform+density=0.01,ok,direct,reset-and-arithmetic,policy,20,2,547.7300343331135,536.4630423009486,558.6890654709222
spaxpy-raw+64+sparse-uniform+density=0.125,ok,unsupported,reset-and-arithmetic,policy,20,2,28.10521624282884,27.706949405184307,28.35336230929179
spaxpy-raw+4096+sparse-uniform+density=0.0625,ok,unsupported,reset-and-arithmetic,policy,20,2,833.4649113657782,824.2598643154604,840.792619795956
spaxpy-raw+65536+sparse-uniform+density=0.015625,ok,unsupported,reset-and-arithmetic,policy,20,2,13706.147947678633,13298.35692450824,13965.355338450803
spaxpy-raw+262144+sparse-uniform+density=0.03125,ok,unsupported,reset-and-arithmetic,policy,20,2,92418.69160576824,91120.74374146563,94666.53144208038
spnrm2+4096+sparse-uniform+density=0.01,ok,direct,arithmetic,policy,20,2,12.399354107706305,12.073531244126348,12.720663073878661
spnrm2-indexed+4096+sparse-uniform+density=0.01,ok,unsupported,arithmetic,policy,20,2,50.535590886014546,48.3805082479556,50.92173720526918
spnrm2-indexed+4096+sparse-uniform+density=0.5,ok,unsupported,arithmetic,policy,20,2,2002.5280133835997,2000.7046813446118,2009.4283620300187
spnrm2-indexed+262144+sparse-uniform+density=0.03125,ok,unsupported,arithmetic,policy,20,2,11834.158219544837,9734.790582283407,13529.117233452775
spasum+4096+sparse-uniform+density=0.01,ok,direct,arithmetic,policy,20,2,11.038470403579089,10.98670186275721,11.066448116867639
spscatter+4096+sparse-uniform+density=0.01,ok,direct,reset-and-arithmetic,policy,20,2,554.7949875932604,546.3199717150868,563.5172334164097
spscatter-raw+64+sparse-uniform+density=0.125,ok,unsupported,reset-and-arithmetic,policy,20,2,26.295295067443913,26.063627339408985,26.479887556806688
spscatter-raw+4096+sparse-uniform+density=0.0625,ok,unsupported,reset-and-arithmetic,policy,20,2,774.8214097324544,768.315346515646,780.1947486830767
spscatter-raw+65536+sparse-uniform+density=0.015625,ok,unsupported,reset-and-arithmetic,policy,20,2,13459.401952662512,12873.301190093278,13742.253862528325
spscatter-raw+262144+sparse-uniform+density=0.03125,ok,unsupported,reset-and-arithmetic,policy,20,2,90855.84861552429,89836.24775583483,91192.81366742597
spgather+4096+sparse-uniform+density=0.01,ok,direct,reset-and-arithmetic,policy,20,2,533.3137083451254,527.5742572691128,534.6147390751408
spgather-zero+4096+sparse-uniform+density=0.01,ok,direct,reset-and-arithmetic,policy,20,2,558.2410540993487,542.4791615269709,561.1414141414141
spgemv+257x129+sparse-uniform+density=0.01+mode=prepared,ok,direct,prepared,policy,20,2,752.5460643444239,750.7565969421255,754.8731628187717
spgemv+257x129+sparse-uniform+density=0.01+mode=oneshot,ok,direct,oneshot,policy,20,2,746.157443021553,745.2476872197476,747.5646579743715
spmm+257x8x129+sparse-uniform+density=0.01+mode=prepared,ok,direct,prepared,policy,20,2,5805.817740411826,5100.699480016313,6566.418703855619
spmm+257x8x129+sparse-uniform+density=0.01+mode=oneshot,ok,direct,oneshot,policy,20,2,5109.099317951349,5083.596012192024,5124.863852891462
spgemm+129x97x65+sparse-uniform+density=0.01+mode=prepared,ok,partial,prepared,policy,20,2,2696.950986597256,2684.0123647189776,2711.4420671806615
spgemm+129x97x65+sparse-uniform+density=0.01+mode=oneshot,ok,partial,oneshot,policy,20,2,2653.489053283548,2644.8771609833466,2760.09776416877
spsymv+129+sparse-triangular+density=0.02+mode=oneshot+uplo=L,ok,direct,oneshot,policy,20,2,908.9607245953192,908.010432359828,910.006753345976
spsymm+129x8+sparse-triangular+density=0.02+mode=oneshot+side=L+uplo=L,ok,direct,oneshot,policy,20,2,4850.000908149638,4841.30571953934,4869.753887712638
sptrsv+129+sparse-triangular+density=0.02+mode=oneshot+uplo=L+transA=N+diag=N,ok,direct,oneshot,policy,20,2,1054.665039954109,1051.029760747958,1055.9681358579783
sptrmv+129+sparse-triangular+density=0.02+mode=oneshot+uplo=U+transA=T+diag=U,ok,direct,oneshot,policy,20,2,649.235868061094,647.510948527199,651.3174940028838
sptrsm+129x8+sparse-triangular+density=0.02+mode=oneshot+side=L+uplo=L+transA=N+diag=N,ok,direct,oneshot,policy,20,2,4285.826434001568,4229.771380257874,4374.745550328441
sptrmm+129x8+sparse-triangular+density=0.02+mode=oneshot+side=L+uplo=U+transA=T+diag=U,ok,direct,oneshot,policy,20,2,4599.683793228164,4564.283993704236,4617.39064122384
spsyrk-dense+129x65+sparse-uniform+density=0.02+uplo=U,ok,direct,oneshot,policy,20,2,9156.164310226493,9068.815915888697,9292.43424962853
spsyrk-sparse+129x65+sparse-uniform+density=0.02+uplo=L,ok,partial,oneshot,policy,20,2,5799.351658029909,5756.692500215759,5931.4878778897455
spadd+129x65+sparse-uniform+density=0.02,ok,partial,oneshot,policy,20,2,2642.838278393228,2629.2565005452707,2660.351835356369
sparse-slices-scatter+512+sparse-uniform+density=0.25,ok,unsupported,sparse-slices,policy,20,2,376.32373161522946,367.4677064509968,385.2155600090096
sparse-slices-scatter-checked+512+sparse-uniform+density=0.25,ok,unsupported,sparse-slices,policy,20,2,473.02162260744905,468.1078155009346,478.4154332041495
sparse-slices-gather+512+sparse-uniform+density=0.25,ok,unsupported,sparse-slices,policy,20,2,134.9324307863031,134.57444088210588,135.09236635706844
sparse-slices-gather-clear+512+sparse-uniform+density=0.25,ok,unsupported,sparse-slices,policy,20,2,343.0483794363338,342.5501237433122,343.6575429280005
sparse-slices-clear+512+sparse-uniform+density=0.25,ok,unsupported,sparse-slices,policy,20,2,235.8931027340533,235.09976701096093,236.9705190606459
sparse-slices-clear-local+512+sparse-uniform+density=0.25,ok,unsupported,sparse-slices,policy,20,2,198.84417859255944,198.72907246391205,199.22809162494187
sparse-slices-reduce-dot-checked+512+sparse-uniform+density=0.25,ok,unsupported,sparse-slices,policy,20,2,395.2296556114468,394.6904145742024,395.4687981662253
sparse-slices-reduce-dot-local+512+sparse-uniform+density=0.25,ok,unsupported,sparse-slices,policy,20,2,358.68075587669887,358.19886059569046,358.81283442597083
sparse-slices-reduce-dot-unchecked+512+sparse-uniform+density=0.25,ok,unsupported,sparse-slices,policy,20,2,142.0662371366379,141.1316746836693,143.29733519332237
sparse-slices-max+512+sparse-uniform+density=0.25,ok,unsupported,sparse-slices,policy,20,2,148.18253402786075,146.79362373149186,156.2690442385819
sparse-slices-filter+512+sparse-uniform+density=0.25,ok,unsupported,sparse-slices,policy,20,2,234.5067120632629,233.47085385447406,237.3703079099764
gemm+257x3x1+uniform,ok,direct,reset-and-arithmetic,policy,20,2,2341.7913894044204,2272.318964342494,2412.2115674385527
gemm+3x257x33+uniform,ok,direct,reset-and-arithmetic,policy,20,2,23884.880919343363,23812.86458829129,23996.418755246432
gemm+127x5x65+uniform,ok,direct,reset-and-arithmetic,policy,20,2,16409.173567854854,16221.220474993921,16519.156639432204
trsm+65x1+triangular+side=L+uplo=L+transA=N+diag=N,ok,direct,reset-and-arithmetic,policy,20,2,1429.9411610449656,1427.3408035606024,1432.4173067149595
trsm+65x33+triangular+side=L+uplo=U+transA=T+diag=U,ok,direct,reset-and-arithmetic,policy,20,2,32542.530813008132,32509.507147498374,32710.947368421053
gemm-block+15x7x31+uniform+packed=4x4+timing=prepacked-compute,unsupported,unsupported,arithmetic,unavailable,0,0,,,
gemm-block+15x7x31+uniform+packed=4x4+timing=pack-plus-compute,unsupported,unsupported,arithmetic,unavailable,0,0,,,
gemm-block+32x16x65+uniform+packed=4x4+timing=prepacked-compute,unsupported,unsupported,arithmetic,unavailable,0,0,,,
gemm-block+32x16x65+uniform+packed=4x4+timing=pack-plus-compute,unsupported,unsupported,arithmetic,unavailable,0,0,,,
gemm-block+15x7x31+uniform+packed=8x4+timing=prepacked-compute,ok,direct,prepacked-compute,vector-tile,20,2,649.5564739318057,647.9454013218184,651.717532837634
gemm-block+15x7x31+uniform+packed=8x4+timing=pack-plus-compute,ok,direct,pack-plus-compute,vector-tile,20,2,1688.564971557069,1687.7432186234819,1699.444417075781
gemm-block+32x16x65+uniform+packed=8x4+timing=prepacked-compute,ok,direct,prepacked-compute,vector-tile,20,2,4613.498214936459,4457.441838189432,4785.668308899146
gemm-block+32x16x65+uniform+packed=8x4+timing=pack-plus-compute,ok,direct,pack-plus-compute,vector-tile,20,2,7864.8795789237065,7846.5267037879385,7878.671246899485
gemm-block+64x64x31+uniform+packed=4x4+timing=prepacked-compute,unsupported,unsupported,arithmetic,unavailable,0,0,,,
gemm-block+64x64x31+uniform+packed=4x4+timing=pack-plus-compute,unsupported,unsupported,arithmetic,unavailable,0,0,,,
gemm-block+64x64x31+uniform+packed=8x4+timing=prepacked-compute,ok,direct,prepacked-compute,vector-tile,20,2,22667.607216643315,22571.44202571622,22727.41578648495
gemm-block+64x64x31+uniform+packed=8x4+timing=pack-plus-compute,ok,direct,pack-plus-compute,vector-tile,20,2,27476.94796100508,27450.820438957475,27541.73541552009
gemm-block+64x64x32+uniform+packed=4x4+timing=prepacked-compute,unsupported,unsupported,arithmetic,unavailable,0,0,,,
gemm-block+64x64x32+uniform+packed=4x4+timing=pack-plus-compute,unsupported,unsupported,arithmetic,unavailable,0,0,,,
gemm-block+64x64x32+uniform+packed=8x4+timing=prepacked-compute,ok,direct,prepacked-compute,vector-tile,20,2,23132.25748419072,22831.646206503137,23464.696646341465
gemm-block+64x64x32+uniform+packed=8x4+timing=pack-plus-compute,ok,direct,pack-plus-compute,vector-tile,20,2,28515.628731023367,28125.98257203092,28870.251731102137
gemm-block+64x64x33+uniform+packed=4x4+timing=prepacked-compute,unsupported,unsupported,arithmetic,unavailable,0,0,,,
gemm-block+64x64x33+uniform+packed=4x4+timing=pack-plus-compute,unsupported,unsupported,arithmetic,unavailable,0,0,,,
gemm-block+64x64x33+uniform+packed=8x4+timing=prepacked-compute,ok,direct,prepacked-compute,vector-tile,20,2,23772.49414334046,23495.053774803335,24066.062537582682
gemm-block+64x64x33+uniform+packed=8x4+timing=pack-plus-compute,ok,direct,pack-plus-compute,vector-tile,20,2,29436.999905651704,29093.6085440279,29746.08531510107
gemm-block+64x64x63+uniform+packed=4x4+timing=prepacked-compute,unsupported,unsupported,arithmetic,unavailable,0,0,,,
gemm-block+64x64x63+uniform+packed=4x4+timing=pack-plus-compute,unsupported,unsupported,arithmetic,unavailable,0,0,,,
gemm-block+64x64x63+uniform+packed=8x4+timing=prepacked-compute,ok,direct,prepacked-compute,vector-tile,20,2,38382.95583026528,38315.376531393566,38443.21129466001
gemm-block+64x64x63+uniform+packed=8x4+timing=pack-plus-compute,ok,direct,pack-plus-compute,vector-tile,20,2,47744.10132589209,46960.1191928672,48608.93441826573
gemm-block+64x64x64+uniform+packed=4x4+timing=prepacked-compute,unsupported,unsupported,arithmetic,unavailable,0,0,,,
gemm-block+64x64x64+uniform+packed=4x4+timing=pack-plus-compute,unsupported,unsupported,arithmetic,unavailable,0,0,,,
gemm-block+64x64x64+uniform+packed=8x4+timing=prepacked-compute,ok,direct,prepacked-compute,vector-tile,20,2,37258.52725742165,34865.40505226481,38920.992026448854
gemm-block+64x64x64+uniform+packed=8x4+timing=pack-plus-compute,ok,direct,pack-plus-compute,vector-tile,20,2,47628.64371451558,47316.48179669031,48275.82340168878
gemm-block+64x64x65+uniform+packed=4x4+timing=prepacked-compute,unsupported,unsupported,arithmetic,unavailable,0,0,,,
gemm-block+64x64x65+uniform+packed=4x4+timing=pack-plus-compute,unsupported,unsupported,arithmetic,unavailable,0,0,,,
gemm-block+64x64x65+uniform+packed=8x4+timing=prepacked-compute,ok,direct,prepacked-compute,vector-tile,20,2,36697.94456812129,34394.95960811275,38950.29252627482
gemm-block+64x64x65+uniform+packed=8x4+timing=pack-plus-compute,ok,direct,pack-plus-compute,vector-tile,20,2,48951.62705439623,48134.80687830688,49371.87095978288
gemm-block+128x128x64+uniform+packed=4x4+timing=prepacked-compute,unsupported,unsupported,arithmetic,unavailable,0,0,,,
gemm-block+128x128x64+uniform+packed=4x4+timing=pack-plus-compute,unsupported,unsupported,arithmetic,unavailable,0,0,,,
gemm-block+128x128x64+uniform+packed=8x4+timing=prepacked-compute,ok,direct,prepacked-compute,vector-tile,20,2,156247.61709601874,156077.16289945442,156560.09147771695
gemm-block+128x128x64+uniform+packed=8x4+timing=pack-plus-compute,ok,direct,pack-plus-compute,vector-tile,20,2,177429.83289007092,177183.13451327433,178305.07034728405
gemm-block+128x8x64+uniform+packed=4x4+timing=prepacked-compute,unsupported,unsupported,arithmetic,unavailable,0,0,,,
gemm-block+128x8x64+uniform+packed=4x4+timing=pack-plus-compute,unsupported,unsupported,arithmetic,unavailable,0,0,,,
gemm-block+128x8x64+uniform+packed=8x4+timing=prepacked-compute,ok,direct,prepacked-compute,vector-tile,20,2,9810.388807581316,9782.542579194369,9840.43546245759
gemm-block+128x8x64+uniform+packed=8x4+timing=pack-plus-compute,ok,direct,pack-plus-compute,vector-tile,20,2,18327.22697128405,18258.408485401458,18392.62442565705
scal+64+uniform+timing=arithmetic,ok,direct,arithmetic,policy,20,2,14.981263940868075,14.164735715300552,15.757567123670851
scal+256+uniform+timing=arithmetic,ok,direct,arithmetic,policy,20,2,42.52973501181373,37.56030159477603,47.48777696031897
scal+4096+uniform+timing=arithmetic,ok,direct,arithmetic,policy,20,2,652.6715598282192,650.3152549423621,655.4038106280952
scal+65536+uniform+timing=arithmetic,ok,direct,arithmetic,policy,20,2,12414.843249575457,12312.444102627207,12613.581027418846
spgather+4096+sparse-uniform+density=0.01+timing=arithmetic,ok,direct,arithmetic,policy,20,2,38.459944351482726,37.93114493247585,38.67611253869206
spgather+4096+sparse-uniform+density=0.25+timing=arithmetic,ok,direct,arithmetic,policy,20,2,794.622254694033,793.6723873966778,795.9578848555723
spgather+65536+sparse-uniform+density=0.01+timing=arithmetic,ok,direct,arithmetic,policy,20,2,562.2930926983815,561.620712399204,562.9573608516577
spgather+65536+sparse-uniform+density=0.25+timing=arithmetic,ok,direct,arithmetic,policy,20,2,13013.091852482412,12841.036447638604,14268.894260249554
sparse-slices-cycle+64+sparse-uniform+density=0.125+timing=reuse+compact=N+locality=sorted,ok,composed,slices-cycle-v1,portable-sparse-slices,20,2,75.95752070482527,75.8732574131394,76.0218625592039
sparse-slices-cycle+64+sparse-uniform+density=0.125+timing=reuse+compact=T+locality=sorted,ok,composed,slices-cycle-v1,portable-sparse-slices,20,2,78.06704768723866,77.89603686736407,78.15121752888524
sparse-slices-cycle+64+sparse-uniform+density=0.125+timing=reuse+compact=N+locality=shuffled,ok,composed,slices-cycle-v1,portable-sparse-slices,20,2,76.00815314247407,75.87197441361371,76.32495600146166
sparse-slices-cycle+64+sparse-uniform+density=0.125+timing=reuse+compact=T+locality=shuffled,ok,composed,slices-cycle-v1,portable-sparse-slices,20,2,77.92408176789749,77.80141356165359,77.99760037795217
sparse-slices-cycle-checked+64+sparse-uniform+density=0.125+timing=reuse+compact=T+locality=shuffled,ok,composed,slices-cycle-checked-v1,portable-sparse-slices,20,2,90.924070423551,90.78330764648423,91.11375751843836
sparse-slices-reduce-dot-checked+64+sparse-uniform+density=0.125+timing=reuse+locality=shuffled,ok,composed,slices-ordered-dot-checked-v1,portable-sparse-slices,20,2,40.57155986838477,40.48684162071931,40.78373502767007
sparse-slices-reduce-dot-unchecked+64+sparse-uniform+density=0.125+timing=reuse+locality=shuffled,ok,composed,slices-dot-v1,policy,20,2,22.195226231847002,22.17668922693081,22.23339645836148
sparse-slices-cycle+4096+sparse-uniform+density=0.0625+timing=reuse+compact=N+locality=sorted,ok,composed,slices-cycle-v1,portable-sparse-slices,20,2,1756.8965676031603,1746.5789776893264,1766.3680098865693
sparse-slices-cycle+4096+sparse-uniform+density=0.0625+timing=reuse+compact=T+locality=sorted,ok,composed,slices-cycle-v1,portable-sparse-slices,20,2,1724.8603780813337,1713.8668653750622,1734.8267918606566
sparse-slices-cycle+4096+sparse-uniform+density=0.0625+timing=reuse+compact=N+locality=shuffled,ok,composed,slices-cycle-v1,portable-sparse-slices,20,2,1746.7768993879918,1738.5887365787553,1754.264719290248
sparse-slices-cycle+4096+sparse-uniform+density=0.0625+timing=reuse+compact=T+locality=shuffled,ok,composed,slices-cycle-v1,portable-sparse-slices,20,2,1727.306069768625,1724.541109349145,1731.5174663609225
sparse-slices-cycle-checked+4096+sparse-uniform+density=0.0625+timing=reuse+compact=T+locality=shuffled,ok,composed,slices-cycle-checked-v1,portable-sparse-slices,20,2,1967.2471480049558,1960.4294055981738,1975.85217185232
sparse-slices-reduce-dot-checked+4096+sparse-uniform+density=0.0625+timing=reuse+locality=shuffled,ok,composed,slices-ordered-dot-checked-v1,portable-sparse-slices,20,2,830.7288658616035,830.0159741493381,831.3513201354411
sparse-slices-reduce-dot-unchecked+4096+sparse-uniform+density=0.0625+timing=reuse+locality=shuffled,ok,composed,slices-dot-v1,policy,20,2,262.44142909746563,261.5089263309774,263.2326866635708
sparse-slices-cycle+65536+sparse-uniform+density=0.015625+timing=reuse+compact=N+locality=sorted,ok,composed,slices-cycle-v1,portable-sparse-slices,20,2,8120.01818439891,8106.918246637498,8129.7654993093365
sparse-slices-cycle+65536+sparse-uniform+density=0.015625+timing=reuse+compact=T+locality=sorted,ok,composed,slices-cycle-v1,portable-sparse-slices,20,2,8121.677774894239,8106.408507190602,8144.2156607382685
sparse-slices-cycle+65536+sparse-uniform+density=0.015625+timing=reuse+compact=N+locality=shuffled,ok,composed,slices-cycle-v1,portable-sparse-slices,20,2,8457.523243429383,8424.642655664547,8498.043869707393
sparse-slices-cycle+65536+sparse-uniform+density=0.015625+timing=reuse+compact=T+locality=shuffled,ok,composed,slices-cycle-v1,portable-sparse-slices,20,2,8420.433204310762,8392.769508155478,8454.30411086231
sparse-slices-cycle-checked+65536+sparse-uniform+density=0.015625+timing=reuse+compact=T+locality=shuffled,ok,composed,slices-cycle-checked-v1,portable-sparse-slices,20,2,9302.101815542888,9284.464204519092,9345.468684321144
sparse-slices-reduce-dot-checked+65536+sparse-uniform+density=0.015625+timing=reuse+locality=shuffled,ok,composed,slices-ordered-dot-checked-v1,portable-sparse-slices,20,2,3798.5253354052893,3792.7879982562217,3801.0656687498813
sparse-slices-reduce-dot-unchecked+65536+sparse-uniform+density=0.015625+timing=reuse+locality=shuffled,ok,composed,slices-dot-v1,policy,20,2,1120.0149619762444,1114.9823976819994,1124.3241352572315
sparse-slices-gather+4096+sparse-uniform+density=0.0625+timing=reuse+compact=T+locality=sorted,ok,composed,slices-gather-v1,portable-sparse-slices,20,2,281.6366116279115,280.6046776113836,282.5041281826114
sparse-slices-gather+4096+sparse-uniform+density=0.0625+timing=reuse+compact=T+locality=shuffled,ok,composed,slices-gather-v1,portable-sparse-slices,20,2,280.7326499964339,280.2790864458654,289.8139990210475
sparse-slices-gather-clear+4096+sparse-uniform+density=0.0625+timing=reuse+compact=T+locality=sorted,ok,composed,slices-refill-gather-clear-v1,portable-sparse-slices,20,2,894.2214900379256,892.7073432968994,895.4812738021185
sparse-slices-gather-clear+4096+sparse-uniform+density=0.0625+timing=reuse+compact=T+locality=shuffled,ok,composed,slices-refill-gather-clear-v1,portable-sparse-slices,20,2,931.3237100790902,894.9818230610967,962.386623125535
sparse-slices-clear+4096+sparse-uniform+density=0.0625+timing=reuse+locality=shuffled,ok,composed,slices-refill-clear-v1,portable-sparse-slices,20,2,589.0328528661469,583.2943016388473,590.1973908144635
