n,offset,alignment_bytes,mode,sample,operations,cpu_ns,wall_ns,cpu_ns_per_op,wall_ns_per_op
64,0,24,arithmetic,1,262144,6257553,6261233,23.870670318603516,23.884708404541016
64,0,24,arithmetic,2,262144,6280671,6284504,23.958858489990234,23.973480224609375
64,0,24,arithmetic,3,262144,6313899,6317494,24.085613250732422,24.099327087402344
64,0,24,arithmetic,4,262144,6249771,6254176,23.840984344482422,23.8577880859375
64,0,24,arithmetic,5,262144,6234499,6238375,23.782726287841797,23.79751205444336
64,0,24,arithmetic,6,262144,6261675,6265137,23.886394500732422,23.899600982666016
64,0,24,arithmetic,7,262144,6169991,6175005,23.53664779663086,23.555774688720703
64,0,24,reset,1,262144,7591510,7611970,28.959312438964844,29.03736114501953
64,0,24,reset,2,262144,7503282,7507913,28.62274932861328,28.64041519165039
64,0,24,reset,3,262144,7518584,7522523,28.681121826171875,28.696147918701172
64,0,24,reset,4,262144,7518056,7522312,28.679107666015625,28.695343017578125
64,0,24,reset,5,262144,7393201,7396903,28.202823638916016,28.21694564819336
64,0,24,reset,6,262144,7476580,7480714,28.520889282226563,28.536659240722656
64,0,24,reset,7,262144,7501653,7505346,28.616535186767578,28.63062286376953
64,1,0,arithmetic,1,262144,5422308,5426330,20.684463500976563,20.699806213378906
64,1,0,arithmetic,2,262144,5413055,5417016,20.649166107177734,20.664276123046875
64,1,0,arithmetic,3,262144,5525398,5529229,21.077720642089844,21.092334747314453
64,1,0,arithmetic,4,262144,5331999,5335794,20.339962005615234,20.35443878173828
64,1,0,arithmetic,5,262144,5362041,5366233,20.45456314086914,20.47055435180664
64,1,0,arithmetic,6,262144,5405279,5408842,20.619503021240234,20.633094787597656
64,1,0,arithmetic,7,262144,5414277,5418268,20.653827667236328,20.669052124023438
64,1,0,reset,1,262144,6429663,6473379,24.527217864990234,24.693981170654297
64,1,0,reset,2,262144,6418345,6422270,24.48404312133789,24.49901580810547
64,1,0,reset,3,262144,6440387,6445015,24.568126678466797,24.58578109741211
64,1,0,reset,4,262144,6371048,6374961,24.303619384765625,24.318546295166016
64,1,0,reset,5,262144,6406349,6410666,24.438282012939453,24.454750061035156
64,1,0,reset,6,262144,6437279,6442023,24.556270599365234,24.57436752319336
64,1,0,reset,7,262144,6383240,6387004,24.350128173828125,24.364486694335938
64,2,8,arithmetic,1,262144,6113774,6118804,23.32219696044922,23.341384887695313
64,2,8,arithmetic,2,262144,6179633,6183783,23.573429107666016,23.58926010131836
64,2,8,arithmetic,3,262144,6176646,6180751,23.562034606933594,23.577693939208984
64,2,8,arithmetic,4,262144,6131593,6135483,23.39017105102539,23.405010223388672
64,2,8,arithmetic,5,262144,6185567,6189237,23.596065521240234,23.610065460205078
64,2,8,arithmetic,6,262144,6271494,6275614,23.923851013183594,23.93956756591797
64,2,8,arithmetic,7,262144,6222319,6226381,23.736263275146484,23.751758575439453
64,2,8,reset,1,262144,7610615,7621166,29.03219223022461,29.07244110107422
64,2,8,reset,2,262144,7522423,7526106,28.69576644897461,28.709815979003906
64,2,8,reset,3,262144,7593403,7598137,28.966533660888672,28.98459243774414
64,2,8,reset,4,262144,7513097,7517476,28.66019058227539,28.676895141601563
64,2,8,reset,5,262144,7607851,7612698,29.021648406982422,29.040138244628906
64,2,8,reset,6,262144,7705858,7709660,29.39551544189453,29.410018920898438
64,2,8,reset,7,262144,7418692,7422474,28.300064086914063,28.314491271972656
64,3,16,arithmetic,1,262144,6087926,6092550,23.223594665527344,23.241233825683594
64,3,16,arithmetic,2,262144,6120182,6123727,23.346641540527344,23.360164642333984
64,3,16,arithmetic,3,262144,6098955,6103266,23.265666961669922,23.28211212158203
64,3,16,arithmetic,4,262144,6230331,6233850,23.766826629638672,23.780250549316406
64,3,16,arithmetic,5,262144,6099508,6103313,23.267776489257813,23.282291412353516
64,3,16,arithmetic,6,262144,6106833,6110866,23.295719146728516,23.31110382080078
64,3,16,arithmetic,7,262144,6086857,6090220,23.21951675415039,23.232345581054688
64,3,16,reset,1,262144,7420006,7424376,28.305076599121094,28.321746826171875
64,3,16,reset,2,262144,7511755,7515691,28.655071258544922,28.670085906982422
64,3,16,reset,3,262144,7541026,7545765,28.76673126220703,28.784809112548828
64,3,16,reset,4,262144,7554681,7558306,28.81882095336914,28.83264923095703
64,3,16,reset,5,262144,7582880,7587451,28.9263916015625,28.943828582763672
64,3,16,reset,6,262144,7710102,7714980,29.411705017089844,29.430313110351563
64,3,16,reset,7,262144,7672633,7677536,29.26877212524414,29.2874755859375
256,0,0,arithmetic,1,65536,1827098,1831068,27.879302978515625,27.93988037109375
256,0,0,arithmetic,2,65536,1819480,1823273,27.7630615234375,27.820938110351563
256,0,0,arithmetic,3,65536,1822906,1826567,27.815338134765625,27.871200561523438
256,0,0,arithmetic,4,65536,1885575,1889290,28.771591186523438,28.828277587890625
256,0,0,arithmetic,5,65536,1823801,1827897,27.828994750976563,27.891494750976563
256,0,0,arithmetic,6,65536,1838212,1841973,28.04888916015625,28.106277465820313
256,0,0,arithmetic,7,65536,1858105,1861715,28.352432250976563,28.407516479492188
256,0,0,reset,1,65536,2523188,2526935,38.50079345703125,38.55796813964844
256,0,0,reset,2,65536,2515327,2519243,38.38084411621094,38.44059753417969
256,0,0,reset,3,65536,2525010,2529653,38.528594970703125,38.59944152832031
256,0,0,reset,4,65536,2533194,2536883,38.653472900390625,38.70976257324219
256,0,0,reset,5,65536,2525650,2536166,38.538360595703125,38.698822021484375
256,0,0,reset,6,65536,2517712,2521466,38.417236328125,38.474517822265625
256,0,0,reset,7,65536,2533874,2537627,38.663848876953125,38.72111511230469
256,1,8,arithmetic,1,65536,1912960,1917059,29.189453125,29.251998901367188
256,1,8,arithmetic,2,65536,1891072,1894743,28.85546875,28.911483764648438
256,1,8,arithmetic,3,65536,1891374,1894901,28.860076904296875,28.913894653320313
256,1,8,arithmetic,4,65536,1857921,1861501,28.349624633789063,28.404251098632813
256,1,8,arithmetic,5,65536,1843141,1846643,28.124099731445313,28.177536010742188
256,1,8,arithmetic,6,65536,1843415,1847036,28.128280639648438,28.18353271484375
256,1,8,arithmetic,7,65536,1847772,1851351,28.19476318359375,28.249374389648438
256,1,8,reset,1,65536,2618576,2622249,39.956298828125,40.01234436035156
256,1,8,reset,2,65536,2633561,2637233,40.18495178222656,40.24098205566406
256,1,8,reset,3,65536,2602366,2607281,39.708953857421875,39.78395080566406
256,1,8,reset,4,65536,2630199,2634357,40.13365173339844,40.19709777832031
256,1,8,reset,5,65536,2621674,2625268,40.003570556640625,40.05841064453125
256,1,8,reset,6,65536,2620452,2624045,39.98492431640625,40.03974914550781
256,1,8,reset,7,65536,2597938,2601923,39.641387939453125,39.70219421386719
256,2,16,arithmetic,1,65536,1919227,1923251,29.285079956054688,29.346481323242188
256,2,16,arithmetic,2,65536,1930997,1934999,29.464675903320313,29.525741577148438
256,2,16,arithmetic,3,65536,1884441,1889073,28.754287719726563,28.824966430664063
256,2,16,arithmetic,4,65536,1873989,1877794,28.594802856445313,28.652862548828125
256,2,16,arithmetic,5,65536,1875653,1879381,28.620193481445313,28.677078247070313
256,2,16,arithmetic,6,65536,1983912,1987521,30.2720947265625,30.327163696289063
256,2,16,arithmetic,7,65536,1895049,1898715,28.916152954101563,28.972091674804688
256,2,16,reset,1,65536,2599380,2608789,39.66339111328125,39.80696105957031
256,2,16,reset,2,65536,2541618,2545500,38.782012939453125,38.84124755859375
256,2,16,reset,3,65536,2639354,2643428,40.273345947265625,40.33551025390625
256,2,16,reset,4,65536,2602039,2606027,39.70396423339844,39.76481628417969
256,2,16,reset,5,65536,2607640,2611777,39.7894287109375,39.85255432128906
256,2,16,reset,6,65536,2609809,2614196,39.82252502441406,39.88946533203125
256,2,16,reset,7,65536,2616455,2625524,39.92393493652344,40.06231689453125
256,3,24,arithmetic,1,65536,1892443,1896291,28.876388549804688,28.935104370117188
256,3,24,arithmetic,2,65536,1892373,1895991,28.875320434570313,28.930526733398438
256,3,24,arithmetic,3,65536,1891375,1895021,28.860092163085938,28.915725708007813
256,3,24,arithmetic,4,65536,1892451,1896275,28.876510620117188,28.934860229492188
256,3,24,arithmetic,5,65536,1893457,1897603,28.891860961914063,28.955123901367188
256,3,24,arithmetic,6,65536,1891493,1895426,28.861892700195313,28.921905517578125
256,3,24,arithmetic,7,65536,1891125,1894707,28.856277465820313,28.910934448242188
256,3,24,reset,1,65536,2654206,2658360,40.499969482421875,40.5633544921875
256,3,24,reset,2,65536,2630795,2635906,40.14274597167969,40.220733642578125
256,3,24,reset,3,65536,2626837,2630737,40.08235168457031,40.14186096191406
256,3,24,reset,4,65536,2625555,2629466,40.06278991699219,40.122467041015625
256,3,24,reset,5,65536,2619799,2623693,39.97496032714844,40.03437805175781
256,3,24,reset,6,65536,2622689,2626753,40.01905822753906,40.08106994628906
256,3,24,reset,7,65536,2632269,2636499,40.16523742675781,40.22978210449219
4096,0,0,arithmetic,1,4096,920971,924669,224.846435546875,225.749267578125
4096,0,0,arithmetic,2,4096,918150,921828,224.15771484375,225.0556640625
4096,0,0,arithmetic,3,4096,899858,903965,219.69189453125,220.694580078125
4096,0,0,arithmetic,4,4096,894622,898273,218.41357421875,219.304931640625
4096,0,0,arithmetic,5,4096,894836,898529,218.4658203125,219.367431640625
4096,0,0,arithmetic,6,4096,894426,898380,218.36572265625,219.3310546875
4096,0,0,arithmetic,7,4096,893520,897097,218.14453125,219.017822265625
4096,0,0,reset,1,4096,3091933,3095709,754.866455078125,755.788330078125
4096,0,0,reset,2,4096,3003399,3007348,733.251708984375,734.2158203125
4096,0,0,reset,3,4096,2966971,2970654,724.358154296875,725.25732421875
4096,0,0,reset,4,4096,2936263,2940249,716.861083984375,717.834228515625
4096,0,0,reset,5,4096,2926030,2929928,714.36279296875,715.314453125
4096,0,0,reset,6,4096,2876278,2880673,702.21630859375,703.289306640625
4096,0,0,reset,7,4096,2830707,2834157,691.090576171875,691.932861328125
4096,1,8,arithmetic,1,4096,759941,762941,185.532470703125,186.264892578125
4096,1,8,arithmetic,2,4096,796123,799300,194.365966796875,195.1416015625
4096,1,8,arithmetic,3,4096,811338,814529,198.08056640625,198.859619140625
4096,1,8,arithmetic,4,4096,860232,863747,210.017578125,210.875732421875
4096,1,8,arithmetic,5,4096,888210,891719,216.84814453125,217.704833984375
4096,1,8,arithmetic,6,4096,877320,880959,214.189453125,215.077880859375
4096,1,8,arithmetic,7,4096,876497,879949,213.988525390625,214.831298828125
4096,1,8,reset,1,4096,3196709,3200396,780.446533203125,781.3466796875
4096,1,8,reset,2,4096,3204920,3208738,782.451171875,783.38330078125
4096,1,8,reset,3,4096,3130419,3134246,764.262451171875,765.19677734375
4096,1,8,reset,4,4096,3135082,3139370,765.40087890625,766.44775390625
4096,1,8,reset,5,4096,3138001,3141660,766.113525390625,767.0068359375
4096,1,8,reset,6,4096,3138700,3142338,766.2841796875,767.17236328125
4096,1,8,reset,7,4096,3138916,3142617,766.3369140625,767.240478515625
4096,2,16,arithmetic,1,4096,807230,810631,197.07763671875,197.907958984375
4096,2,16,arithmetic,2,4096,810479,814510,197.870849609375,198.85498046875
4096,2,16,arithmetic,3,4096,838075,842175,204.608154296875,205.609130859375
4096,2,16,arithmetic,4,4096,875287,878771,213.693115234375,214.543701171875
4096,2,16,arithmetic,5,4096,877171,880662,214.153076171875,215.00537109375
4096,2,16,arithmetic,6,4096,877465,880923,214.224853515625,215.069091796875
4096,2,16,arithmetic,7,4096,878042,881607,214.36572265625,215.236083984375
4096,2,16,reset,1,4096,3217537,3221466,785.531494140625,786.49072265625
4096,2,16,reset,2,4096,3210922,3215267,783.91650390625,784.977294921875
4096,2,16,reset,3,4096,3202389,3206504,781.833251953125,782.837890625
4096,2,16,reset,4,4096,3200634,3204358,781.40478515625,782.31396484375
4096,2,16,reset,5,4096,3178651,3182386,776.037841796875,776.94970703125
4096,2,16,reset,6,4096,3131808,3135645,764.6015625,765.538330078125
4096,2,16,reset,7,4096,3128039,3131992,763.681396484375,764.646484375
4096,3,24,arithmetic,1,4096,805108,808294,196.5595703125,197.33740234375
4096,3,24,arithmetic,2,4096,835832,839128,204.060546875,204.865234375
4096,3,24,arithmetic,3,4096,835986,839309,204.09814453125,204.909423828125
4096,3,24,arithmetic,4,4096,849324,852679,207.3544921875,208.173583984375
4096,3,24,arithmetic,5,4096,858067,861595,209.489013671875,210.350341796875
4096,3,24,arithmetic,6,4096,867963,871447,211.905029296875,212.755615234375
4096,3,24,arithmetic,7,4096,870909,874380,212.624267578125,213.4716796875
4096,3,24,reset,1,4096,3199363,3203067,781.094482421875,781.998779296875
4096,3,24,reset,2,4096,3195194,3204505,780.07666015625,782.349853515625
4096,3,24,reset,3,4096,3154962,3158733,770.25439453125,771.175048828125
4096,3,24,reset,4,4096,3117148,3120893,761.0224609375,761.936767578125
4096,3,24,reset,5,4096,3174800,3178906,775.09765625,776.10009765625
4096,3,24,reset,6,4096,3160843,3164860,771.690185546875,772.6708984375
4096,3,24,reset,7,4096,3219430,3223284,785.99365234375,786.9345703125
65536,0,0,arithmetic,1,256,1888599,1892516,7377.33984375,7392.640625
65536,0,0,arithmetic,2,256,1872649,1876496,7315.03515625,7330.0625
65536,0,0,arithmetic,3,256,1887877,1891582,7374.51953125,7388.9921875
65536,0,0,arithmetic,4,256,1868687,1872291,7299.55859375,7313.63671875
65536,0,0,arithmetic,5,256,1868493,1872252,7298.80078125,7313.484375
65536,0,0,arithmetic,6,256,1873841,1877455,7319.69140625,7333.80859375
65536,0,0,arithmetic,7,256,1988394,1992262,7767.1640625,7782.2734375
65536,0,0,reset,1,256,4373657,4378170,17084.59765625,17102.2265625
65536,0,0,reset,2,256,4397551,4402160,17177.93359375,17195.9375
65536,0,0,reset,3,256,4432546,4436829,17314.6328125,17331.36328125
65536,0,0,reset,4,256,4403788,4424852,17202.296875,17284.578125
65536,0,0,reset,5,256,4366639,4371020,17057.18359375,17074.296875
65536,0,0,reset,6,256,4432486,4437008,17314.3984375,17332.0625
65536,0,0,reset,7,256,4374781,4378936,17088.98828125,17105.21875
65536,1,8,arithmetic,1,256,1914538,1918333,7478.6640625,7493.48828125
65536,1,8,arithmetic,2,256,1920862,1924827,7503.3671875,7518.85546875
65536,1,8,arithmetic,3,256,1923273,1927489,7512.78515625,7529.25390625
65536,1,8,arithmetic,4,256,1922579,1926652,7510.07421875,7525.984375
65536,1,8,arithmetic,5,256,1915866,1919620,7483.8515625,7498.515625
65536,1,8,arithmetic,6,256,1915394,1919164,7482.0078125,7496.734375
65536,1,8,arithmetic,7,256,1920564,1924415,7502.203125,7517.24609375
65536,1,8,reset,1,256,4813225,4817780,18801.66015625,18819.453125
65536,1,8,reset,2,256,4565627,4570565,17834.48046875,17853.76953125
65536,1,8,reset,3,256,4738813,4743841,18510.98828125,18530.62890625
65536,1,8,reset,4,256,4688934,4699546,18316.1484375,18357.6015625
65536,1,8,reset,5,256,4729867,4734454,18476.04296875,18493.9609375
65536,1,8,reset,6,256,4695915,4700881,18343.41796875,18362.81640625
65536,1,8,reset,7,256,4642451,4647217,18134.57421875,18153.19140625
65536,2,16,arithmetic,1,256,1937107,1941028,7566.82421875,7582.140625
65536,2,16,arithmetic,2,256,1918457,1922503,7493.97265625,7509.77734375
65536,2,16,arithmetic,3,256,1920279,1924448,7501.08984375,7517.375
65536,2,16,arithmetic,4,256,1939436,1943308,7575.921875,7591.046875
65536,2,16,arithmetic,5,256,1919143,1923068,7496.65234375,7511.984375
65536,2,16,arithmetic,6,256,1916728,1920688,7487.21875,7502.6875
65536,2,16,arithmetic,7,256,1920227,1924319,7500.88671875,7516.87109375
65536,2,16,reset,1,256,4643469,4648255,18138.55078125,18157.24609375
65536,2,16,reset,2,256,4595922,4600676,17952.8203125,17971.390625
65536,2,16,reset,3,256,4602085,4613210,17976.89453125,18020.3515625
65536,2,16,reset,4,256,4566699,4571230,17838.66796875,17856.3671875
65536,2,16,reset,5,256,4554529,4559571,17791.12890625,17810.82421875
65536,2,16,reset,6,256,4675740,4680393,18264.609375,18282.78515625
65536,2,16,reset,7,256,4647880,4652671,18155.78125,18174.49609375
65536,3,24,arithmetic,1,256,1934683,1938354,7557.35546875,7571.6953125
65536,3,24,arithmetic,2,256,1920410,1924308,7501.6015625,7516.828125
65536,3,24,arithmetic,3,256,1915844,1919730,7483.765625,7498.9453125
65536,3,24,arithmetic,4,256,1923680,1928442,7514.375,7532.9765625
65536,3,24,arithmetic,5,256,1917203,1920972,7489.07421875,7503.796875
65536,3,24,arithmetic,6,256,1914785,1918597,7479.62890625,7494.51953125
65536,3,24,arithmetic,7,256,1993888,1997515,7788.625,7802.79296875
65536,3,24,reset,1,256,4678884,4683429,18276.890625,18294.64453125
65536,3,24,reset,2,256,4609801,4614493,18007.03515625,18025.36328125
65536,3,24,reset,3,256,4761910,4766868,18601.2109375,18620.578125
65536,3,24,reset,4,256,4727788,4732465,18467.921875,18486.19140625
65536,3,24,reset,5,256,4678051,4682686,18273.63671875,18291.7421875
65536,3,24,reset,6,256,4633650,4638827,18100.1953125,18120.41796875
65536,3,24,reset,7,256,4663536,4668074,18216.9375,18234.6640625
